regiao,uf,data,casos_novos,casos,obitos_novos,obitos,pop
norte,RO,2020-04-28,20,413,1,11,1777225
norte,AC,2020-04-28,32,311,2,16,881935
norte,AM,2020-04-28,409,4337,31,351,4144597
norte,RR,2020-04-28,18,425,2,6,605761
norte,PA,2020-04-28,134,2262,15,129,8602865
norte,AP,2020-04-28,76,918,2,28,845731
norte,TO,2020-04-28,12,79,0,2,1572866
nordeste,MA,2020-04-28,118,2528,20,145,7075181
nordeste,PI,2020-04-28,44,408,1,21,3273227
nordeste,CE,2020-04-28,192,6918,13,403,9132078
nordeste,RN,2020-04-28,25,857,3,48,3506853
nordeste,PB,2020-04-28,90,633,3,53,4018127
nordeste,PE,2020-04-28,366,5724,58,508,9557071
nordeste,AL,2020-04-28,134,777,2,36,3337357
nordeste,SE,2020-04-28,83,280,1,11,2298696
nordeste,BA,2020-04-28,186,2540,10,86,14873064
sudeste,MG,2020-04-28,63,1649,9,71,21168791
sudeste,ES,2020-04-28,78,1874,7,64,4018650
sudeste,RJ,2020-04-28,560,8504,61,738,17264943
sudeste,SP,2020-04-28,2345,24041,224,2049,45919049
sul,PR,2020-04-28,85,1271,2,77,11433957
sul,SC,2020-04-28,139,1476,1,44,7164788
sul,RS,2020-04-28,58,1286,3,45,11377239
centro-oeste,MS,2020-04-28,2,240,0,9,2778986
centro-oeste,MT,2020-04-28,4,261,1,11,3484466
centro-oeste,GO,2020-04-28,45,661,1,27,7018354
centro-oeste,DF,2020-04-28,67,1213,1,28,3015268
norte,RO,2020-04-27,29,393,0,10,1777225
norte,AC,2020-04-27,0,279,3,14,881935
norte,AM,2020-04-27,95,3928,16,320,4144597
norte,RR,2020-04-27,6,407,0,4,605761
norte,PA,2020-04-27,261,2128,14,114,8602865
norte,AP,2020-04-27,44,842,5,26,845731
norte,TO,2020-04-27,9,67,0,2,1572866
nordeste,MA,2020-04-27,187,2410,13,125,7075181
nordeste,PI,2020-04-27,33,364,2,20,3273227
nordeste,CE,2020-04-27,893,6726,63,390,9132078
nordeste,RN,2020-04-27,7,832,1,45,3506853
nordeste,PB,2020-04-27,44,543,1,50,4018127
nordeste,PE,2020-04-27,460,5358,35,450,9557071
nordeste,AL,2020-04-27,89,643,2,34,3337357
nordeste,SE,2020-04-27,38,197,1,10,2298696
nordeste,BA,2020-04-27,145,2354,3,76,14873064
sudeste,MG,2020-04-27,38,1586,1,62,21168791
sudeste,ES,2020-04-27,93,1796,6,57,4018650
sudeste,RJ,2020-04-27,833,7944,32,677,17264943
sudeste,SP,2020-04-27,981,21696,125,1825,45919049
sul,PR,2020-04-27,30,1186,3,75,11433957
sul,SC,2020-04-27,102,1337,1,43,7164788
sul,RS,2020-04-27,62,1228,7,42,11377239
centro-oeste,MS,2020-04-27,4,238,2,9,2778986
centro-oeste,MT,2020-04-27,7,257,1,10,3484466
centro-oeste,GO,2020-04-27,43,616,1,26,7018354
centro-oeste,DF,2020-04-27,80,1146,0,27,3015268
norte,RO,2020-04-26,36,364,3,10,1777225
norte,AC,2020-04-26,21,279,0,11,881935
norte,AM,2020-04-26,198,3833,17,304,4144597
norte,RR,2020-04-26,56,401,1,4,605761
norte,PA,2020-04-26,288,1867,14,100,8602865
norte,AP,2020-04-26,113,798,2,21,845731
norte,TO,2020-04-26,8,58,0,2,1572866
nordeste,MA,2020-04-26,118,2223,12,112,7075181
nordeste,PI,2020-04-26,34,331,1,18,3273227
nordeste,CE,2020-04-26,412,5833,17,327,9132078
nordeste,RN,2020-04-26,44,825,4,44,3506853
nordeste,PB,2020-04-26,52,499,3,49,4018127
nordeste,PE,2020-04-26,391,4898,34,415,9557071
nordeste,AL,2020-04-26,53,554,3,32,3337357
nordeste,SE,2020-04-26,6,159,0,9,2298696
nordeste,BA,2020-04-26,128,2209,3,73,14873064
sudeste,MG,2020-04-26,67,1548,3,61,21168791
sudeste,ES,2020-04-26,108,1703,4,51,4018650
sudeste,RJ,2020-04-26,283,7111,30,645,17264943
sudeste,SP,2020-04-26,711,20715,33,1700,45919049
sul,PR,2020-04-26,16,1156,3,72,11433957
sul,SC,2020-04-26,26,1235,0,42,7164788
sul,RS,2020-04-26,70,1166,1,35,11377239
centro-oeste,MS,2020-04-26,17,234,0,7,2778986
centro-oeste,MT,2020-04-26,3,250,0,9,3484466
centro-oeste,GO,2020-04-26,67,573,0,25,7018354
centro-oeste,DF,2020-04-26,53,1066,1,27,3015268
norte,RO,2020-04-25,38,328,2,7,1777225
norte,AC,2020-04-25,24,258,0,11,881935
norte,AM,2020-04-25,441,3635,32,287,4144597
norte,RR,2020-04-25,41,345,0,3,605761
norte,PA,2020-04-25,133,1579,11,86,8602865
norte,AP,2020-04-25,52,685,1,19,845731
norte,TO,2020-04-25,7,50,0,2,1572866
nordeste,MA,2020-04-25,154,2105,12,100,7075181
nordeste,PI,2020-04-25,41,297,1,17,3273227
nordeste,CE,2020-04-25,621,5421,26,310,9132078
nordeste,RN,2020-04-25,27,781,2,40,3506853
nordeste,PB,2020-04-25,61,447,2,46,4018127
nordeste,PE,2020-04-25,508,4507,29,381,9557071
nordeste,AL,2020-04-25,88,501,2,29,3337357
nordeste,SE,2020-04-25,9,153,1,9,2298696
nordeste,BA,2020-04-25,119,2081,6,70,14873064
sudeste,MG,2020-04-25,62,1481,4,58,21168791
sudeste,ES,2020-04-25,214,1595,5,47,4018650
sudeste,RJ,2020-04-25,546,6828,45,615,17264943
sudeste,SP,2020-04-25,2178,20004,155,1667,45919049
sul,PR,2020-04-25,21,1140,5,69,11433957
sul,SC,2020-04-25,39,1209,0,42,7164788
sul,RS,2020-04-25,35,1096,3,34,11377239
centro-oeste,MS,2020-04-25,4,217,0,7,2778986
centro-oeste,MT,2020-04-25,7,247,1,9,3484466
centro-oeste,GO,2020-04-25,20,506,1,25,7018354
centro-oeste,DF,2020-04-25,24,1013,0,26,3015268
norte,RO,2020-04-24,40,290,0,5,1777225
norte,AC,2020-04-24,7,234,1,11,881935
norte,AM,2020-04-24,306,3194,21,255,4144597
norte,RR,2020-04-24,7,304,0,3,605761
norte,PA,2020-04-24,179,1446,22,75,8602865
norte,AP,2020-04-24,85,633,2,18,845731
norte,TO,2020-04-24,6,43,0,2,1572866
nordeste,MA,2020-04-24,194,1951,12,88,7075181
nordeste,PI,2020-04-24,39,256,1,16,3273227
nordeste,CE,2020-04-24,202,4800,18,284,9132078
nordeste,RN,2020-04-24,46,754,4,38,3506853
nordeste,PB,2020-04-24,41,386,4,44,4018127
nordeste,PE,2020-04-24,480,3999,40,352,9557071
nordeste,AL,2020-04-24,89,413,5,27,3337357
nordeste,SE,2020-04-24,20,144,0,8,2298696
nordeste,BA,2020-04-24,173,1962,5,64,14873064
sudeste,MG,2020-04-24,111,1419,3,54,21168791
sudeste,ES,2020-04-24,18,1381,0,42,4018650
sudeste,RJ,2020-04-24,110,6282,40,570,17264943
sudeste,SP,2020-04-24,1086,17826,167,1512,45919049
sul,PR,2020-04-24,37,1119,4,64,11433957
sul,SC,2020-04-24,55,1170,3,42,7164788
sul,RS,2020-04-24,67,1061,2,31,11377239
centro-oeste,MS,2020-04-24,27,213,0,7,2778986
centro-oeste,MT,2020-04-24,19,240,1,8,3484466
centro-oeste,GO,2020-04-24,33,486,1,24,7018354
centro-oeste,DF,2020-04-24,26,989,1,26,3015268
norte,RO,2020-04-23,27,250,0,5,1777225
norte,AC,2020-04-23,13,227,2,10,881935
norte,AM,2020-04-23,409,2888,27,234,4144597
norte,RR,2020-04-23,17,297,0,3,605761
norte,PA,2020-04-23,72,1267,10,53,8602865
norte,AP,2020-04-23,69,548,2,16,845731
norte,TO,2020-04-23,0,37,1,2,1572866
nordeste,MA,2020-04-23,153,1757,10,76,7075181
nordeste,PI,2020-04-23,11,217,0,15,3273227
nordeste,CE,2020-04-23,688,4598,33,266,9132078
nordeste,RN,2020-04-23,62,708,5,34,3506853
nordeste,PB,2020-04-23,44,345,1,40,4018127
nordeste,PE,2020-04-23,221,3519,30,312,9557071
nordeste,AL,2020-04-23,81,324,2,22,3337357
nordeste,SE,2020-04-23,7,124,1,8,2298696
nordeste,BA,2020-04-23,145,1789,9,59,14873064
sudeste,MG,2020-04-23,25,1308,4,51,21168791
sudeste,ES,2020-04-23,50,1363,8,42,4018650
sudeste,RJ,2020-04-23,620,6172,40,530,17264943
sudeste,SP,2020-04-23,826,16740,211,1345,45919049
sul,PR,2020-04-23,19,1082,3,60,11433957
sul,SC,2020-04-23,24,1115,2,39,7164788
sul,RS,2020-04-23,71,994,2,29,11377239
centro-oeste,MS,2020-04-23,11,186,1,7,2778986
centro-oeste,MT,2020-04-23,38,221,1,7,3484466
centro-oeste,GO,2020-04-23,15,453,2,23,7018354
centro-oeste,DF,2020-04-23,17,963,0,25,3015268
norte,RO,2020-04-22,24,223,1,5,1777225
norte,AC,2020-04-22,19,214,0,8,881935
norte,AM,2020-04-22,209,2479,14,207,4144597
norte,RR,2020-04-22,33,280,0,3,605761
norte,PA,2020-04-22,169,1195,5,43,8602865
norte,AP,2020-04-22,22,479,1,14,845731
norte,TO,2020-04-22,0,37,0,1,1572866
nordeste,MA,2020-04-22,208,1604,6,66,7075181
nordeste,PI,2020-04-22,20,206,1,15,3273227
nordeste,CE,2020-04-22,194,3910,18,233,9132078
nordeste,RN,2020-04-22,38,646,1,29,3506853
nordeste,PB,2020-04-22,38,301,6,39,4018127
nordeste,PE,2020-04-22,390,3298,22,282,9557071
nordeste,AL,2020-04-22,33,243,1,20,3337357
nordeste,SE,2020-04-22,25,117,2,7,2298696
nordeste,BA,2020-04-22,155,1644,3,50,14873064
sudeste,MG,2020-04-22,53,1283,3,47,21168791
sudeste,ES,2020-04-22,101,1313,0,34,4018650
sudeste,RJ,2020-04-22,246,5552,29,490,17264943
sudeste,SP,2020-04-22,529,15914,41,1134,45919049
sul,PR,2020-04-22,39,1063,6,57,11433957
sul,SC,2020-04-22,28,1091,2,37,7164788
sul,RS,2020-04-22,19,923,0,27,11377239
centro-oeste,MS,2020-04-22,2,175,0,6,2778986
centro-oeste,MT,2020-04-22,2,183,0,6,3484466
centro-oeste,GO,2020-04-22,17,438,2,21,7018354
centro-oeste,DF,2020-04-22,65,946,1,25,3015268
norte,RO,2020-04-21,39,199,0,4,1777225
norte,AC,2020-04-21,19,195,0,8,881935
norte,AM,2020-04-21,110,2270,8,193,4144597
norte,RR,2020-04-21,3,247,0,3,605761
norte,PA,2020-04-21,124,1026,3,38,8602865
norte,AP,2020-04-21,24,457,0,13,845731
norte,TO,2020-04-21,3,37,0,1,1572866
nordeste,MA,2020-04-21,76,1396,6,60,7075181
nordeste,PI,2020-04-21,28,186,2,14,3273227
nordeste,CE,2020-04-21,234,3716,17,215,9132078
nordeste,RN,2020-04-21,13,608,1,28,3506853
nordeste,PB,2020-04-21,18,263,1,33,4018127
nordeste,PE,2020-04-21,218,2908,26,260,9557071
nordeste,AL,2020-04-21,39,210,1,19,3337357
nordeste,SE,2020-04-21,6,92,0,5,2298696
nordeste,BA,2020-04-21,148,1489,1,47,14873064
sudeste,MG,2020-04-21,41,1230,3,44,21168791
sudeste,ES,2020-04-21,44,1212,1,34,4018650
sudeste,RJ,2020-04-21,407,5306,39,461,17264943
sudeste,SP,2020-04-21,805,15385,56,1093,45919049
sul,PR,2020-04-21,17,1024,0,51,11433957
sul,SC,2020-04-21,38,1063,0,35,7164788
sul,RS,2020-04-21,15,904,0,27,11377239
centro-oeste,MS,2020-04-21,2,173,1,6,2778986
centro-oeste,MT,2020-04-21,0,181,0,6,3484466
centro-oeste,GO,2020-04-21,18,421,0,19,7018354
centro-oeste,DF,2020-04-21,9,881,0,24,3015268
norte,RO,2020-04-20,32,160,0,4,1777225
norte,AC,2020-04-20,13,176,2,8,881935
norte,AM,2020-04-20,116,2160,3,185,4144597
norte,RR,2020-04-20,22,244,0,3,605761
norte,PA,2020-04-20,217,902,1,35,8602865
norte,AP,2020-04-20,17,433,2,13,845731
norte,TO,2020-04-20,1,34,0,1,1572866
nordeste,MA,2020-04-20,115,1320,6,54,7075181
nordeste,PI,2020-04-20,13,158,2,12,3273227
nordeste,CE,2020-04-20,230,3482,12,198,9132078
nordeste,RN,2020-04-20,64,595,2,27,3506853
nordeste,PB,2020-04-20,9,245,3,32,4018127
nordeste,PE,2020-04-20,231,2690,18,234,9557071
nordeste,AL,2020-04-20,12,171,3,18,3337357
nordeste,SE,2020-04-20,3,86,0,5,2298696
nordeste,BA,2020-04-20,111,1341,1,46,14873064
sudeste,MG,2020-04-20,35,1189,2,41,21168791
sudeste,ES,2020-04-20,69,1168,3,33,4018650
sudeste,RJ,2020-04-20,134,4899,20,422,17264943
sudeste,SP,2020-04-20,313,14580,22,1037,45919049
sul,PR,2020-04-20,20,1007,3,51,11433957
sul,SC,2020-04-20,50,1025,3,35,7164788
sul,RS,2020-04-20,35,889,3,27,11377239
centro-oeste,MS,2020-04-20,3,171,0,5,2778986
centro-oeste,MT,2020-04-20,7,181,1,6,3484466
centro-oeste,GO,2020-04-20,10,403,1,19,7018354
centro-oeste,DF,2020-04-20,45,872,0,24,3015268
norte,RO,2020-04-19,18,128,1,4,1777225
norte,AC,2020-04-19,21,163,1,6,881935
norte,AM,2020-04-19,147,2044,21,182,4144597
norte,RR,2020-04-19,21,222,0,3,605761
norte,PA,2020-04-19,45,685,1,34,8602865
norte,AP,2020-04-19,23,416,1,11,845731
norte,TO,2020-04-19,0,33,0,1,1572866
nordeste,MA,2020-04-19,165,1205,4,48,7075181
nordeste,PI,2020-04-19,22,145,1,10,3273227
nordeste,CE,2020-04-19,218,3252,10,186,9132078
nordeste,RN,2020-04-19,15,531,1,25,3506853
nordeste,PB,2020-04-19,31,236,3,29,4018127
nordeste,PE,2020-04-19,266,2459,11,216,9557071
nordeste,AL,2020-04-19,27,159,8,15,3337357
nordeste,SE,2020-04-19,12,83,0,5,2298696
nordeste,BA,2020-04-19,37,1230,8,45,14873064
sudeste,MG,2020-04-19,77,1154,0,39,21168791
sudeste,ES,2020-04-19,147,1099,2,30,4018650
sudeste,RJ,2020-04-19,222,4765,15,402,17264943
sudeste,SP,2020-04-19,373,14267,24,1015,45919049
sul,PR,2020-04-19,42,987,2,48,11433957
sul,SC,2020-04-19,13,975,1,32,7164788
sul,RS,2020-04-19,23,854,0,24,11377239
centro-oeste,MS,2020-04-19,7,168,0,5,2778986
centro-oeste,MT,2020-04-19,3,174,0,5,3484466
centro-oeste,GO,2020-04-19,15,393,0,18,7018354
centro-oeste,DF,2020-04-19,65,827,0,24,3015268
norte,RO,2020-04-18,18,110,0,3,1777225
norte,AC,2020-04-18,7,142,0,5,881935
norte,AM,2020-04-18,88,1897,16,161,4144597
norte,RR,2020-04-18,37,201,0,3,605761
norte,PA,2020-04-18,83,640,7,33,8602865
norte,AP,2020-04-18,23,393,0,10,845731
norte,TO,2020-04-18,2,33,0,1,1572866
nordeste,MA,2020-04-18,243,1040,4,44,7075181
nordeste,PI,2020-04-18,21,123,1,9,3273227
nordeste,CE,2020-04-18,350,3034,27,176,9132078
nordeste,RN,2020-04-18,53,516,1,24,3506853
nordeste,PB,2020-04-18,10,205,0,26,4018127
nordeste,PE,2020-04-18,187,2193,19,205,9557071
nordeste,AL,2020-04-18,22,132,0,7,3337357
nordeste,SE,2020-04-18,18,71,1,5,2298696
nordeste,BA,2020-04-18,134,1193,1,37,14873064
sudeste,MG,2020-04-18,56,1077,4,39,21168791
sudeste,ES,2020-04-18,96,952,3,28,4018650
sudeste,RJ,2020-04-18,194,4543,46,387,17264943
sudeste,SP,2020-04-18,1053,13894,63,991,45919049
sul,PR,2020-04-18,71,945,4,46,11433957
sul,SC,2020-04-18,36,962,1,31,7164788
sul,RS,2020-04-18,29,831,2,24,11377239
centro-oeste,MS,2020-04-18,18,161,0,5,2778986
centro-oeste,MT,2020-04-18,9,171,0,5,3484466
centro-oeste,GO,2020-04-18,43,378,2,18,7018354
centro-oeste,DF,2020-04-18,16,762,4,24,3015268
norte,RO,2020-04-17,16,92,0,3,1777225
norte,AC,2020-04-17,25,135,0,5,881935
norte,AM,2020-04-17,90,1809,21,145,4144597
norte,RR,2020-04-17,22,164,0,3,605761
norte,PA,2020-04-17,119,557,2,26,8602865
norte,AP,2020-04-17,8,370,1,10,845731
norte,TO,2020-04-17,2,31,0,1,1572866
nordeste,MA,2020-04-17,102,797,3,40,7075181
nordeste,PI,2020-04-17,11,102,0,8,3273227
nordeste,CE,2020-04-17,298,2684,25,149,9132078
nordeste,RN,2020-04-17,63,463,3,23,3506853
nordeste,PB,2020-04-17,30,195,2,26,4018127
nordeste,PE,2020-04-17,323,2006,26,186,9557071
nordeste,AL,2020-04-17,21,110,2,7,3337357
nordeste,SE,2020-04-17,5,53,0,4,2298696
nordeste,BA,2020-04-17,108,1059,6,36,14873064
sudeste,MG,2020-04-17,63,1021,2,35,21168791
sudeste,ES,2020-04-17,102,856,3,25,4018650
sudeste,RJ,2020-04-17,405,4349,41,341,17264943
sudeste,SP,2020-04-17,1273,12841,75,928,45919049
sul,PR,2020-04-17,42,874,1,42,11433957
sul,SC,2020-04-17,42,926,1,30,7164788
sul,RS,2020-04-17,22,802,3,22,11377239
centro-oeste,MS,2020-04-17,12,143,0,5,2778986
centro-oeste,MT,2020-04-17,6,162,0,5,3484466
centro-oeste,GO,2020-04-17,17,335,0,16,7018354
centro-oeste,DF,2020-04-17,30,746,0,20,3015268
norte,RO,2020-04-16,7,76,1,3,1777225
norte,AC,2020-04-16,9,110,2,5,881935
norte,AM,2020-04-16,165,1719,18,124,4144597
norte,RR,2020-04-16,28,142,0,3,605761
norte,PA,2020-04-16,54,438,3,24,8602865
norte,AP,2020-04-16,28,362,2,9,845731
norte,TO,2020-04-16,3,29,0,1,1572866
nordeste,MA,2020-04-16,65,695,3,37,7075181
nordeste,PI,2020-04-16,16,91,0,8,3273227
nordeste,CE,2020-04-16,229,2386,8,124,9132078
nordeste,RN,2020-04-16,1,400,1,20,3506853
nordeste,PB,2020-04-16,14,165,3,24,4018127
nordeste,PE,2020-04-16,199,1683,17,160,9557071
nordeste,AL,2020-04-16,7,89,0,5,3337357
nordeste,SE,2020-04-16,2,48,0,4,2298696
nordeste,BA,2020-04-16,144,951,3,30,14873064
sudeste,MG,2020-04-16,55,958,3,33,21168791
sudeste,ES,2020-04-16,197,754,4,22,4018650
sudeste,RJ,2020-04-16,201,3944,35,300,17264943
sudeste,SP,2020-04-16,525,11568,75,853,45919049
sul,PR,2020-04-16,29,832,3,41,11433957
sul,SC,2020-04-16,31,884,1,29,7164788
sul,RS,2020-04-16,33,780,0,19,11377239
centro-oeste,MS,2020-04-16,10,131,1,5,2778986
centro-oeste,MT,2020-04-16,5,156,1,5,3484466
centro-oeste,GO,2020-04-16,14,318,1,16,7018354
centro-oeste,DF,2020-04-16,34,716,3,20,3015268
norte,RO,2020-04-15,5,69,0,2,1777225
norte,AC,2020-04-15,2,101,0,3,881935
norte,AM,2020-04-15,70,1554,16,106,4144597
norte,RR,2020-04-15,1,114,0,3,605761
norte,PA,2020-04-15,61,384,2,21,8602865
norte,AP,2020-04-15,27,334,1,7,845731
norte,TO,2020-04-15,0,26,1,1,1572866
nordeste,MA,2020-04-15,152,630,2,34,7075181
nordeste,PI,2020-04-15,17,75,0,8,3273227
nordeste,CE,2020-04-15,152,2157,9,116,9132078
nordeste,RN,2020-04-15,23,399,1,19,3506853
nordeste,PB,2020-04-15,15,151,5,21,4018127
nordeste,PE,2020-04-15,200,1484,28,143,9557071
nordeste,AL,2020-04-15,10,82,1,5,3337357
nordeste,SE,2020-04-15,1,46,0,4,2298696
nordeste,BA,2020-04-15,48,807,5,27,14873064
sudeste,MG,2020-04-15,19,903,3,30,21168791
sudeste,ES,2020-04-15,94,557,1,18,4018650
sudeste,RJ,2020-04-15,333,3743,41,265,17264943
sudeste,SP,2020-04-15,1672,11043,83,778,45919049
sul,PR,2020-04-15,12,803,2,38,11433957
sul,SC,2020-04-15,27,853,2,28,7164788
sul,RS,2020-04-15,47,747,1,19,11377239
centro-oeste,MS,2020-04-15,6,121,0,4,2778986
centro-oeste,MT,2020-04-15,13,151,0,4,3484466
centro-oeste,GO,2020-04-15,20,304,0,15,7018354
centro-oeste,DF,2020-04-15,31,682,0,17,3015268
norte,RO,2020-04-14,22,64,0,2,1777225
norte,AC,2020-04-14,9,99,0,3,881935
norte,AM,2020-04-14,209,1484,19,90,4144597
norte,RR,2020-04-14,30,113,0,3,605761
norte,PA,2020-04-14,53,323,4,19,8602865
norte,AP,2020-04-14,65,307,1,6,845731
norte,TO,2020-04-14,0,26,0,0,1572866
nordeste,MA,2020-04-14,33,478,5,32,7075181
nordeste,PI,2020-04-14,8,58,0,8,3273227
nordeste,CE,2020-04-14,205,2005,16,107,9132078
nordeste,RN,2020-04-14,37,376,1,18,3506853
nordeste,PB,2020-04-14,25,136,3,16,4018127
nordeste,PE,2020-04-14,130,1284,13,115,9557071
nordeste,AL,2020-04-14,22,72,1,4,3337357
nordeste,SE,2020-04-14,1,45,0,4,2298696
nordeste,BA,2020-04-14,36,759,0,22,14873064
sudeste,MG,2020-04-14,69,884,4,27,21168791
sudeste,ES,2020-04-14,33,463,3,17,4018650
sudeste,RJ,2020-04-14,179,3410,36,224,17264943
sudeste,SP,2020-04-14,476,9371,87,695,45919049
sul,PR,2020-04-14,35,791,5,36,11433957
sul,SC,2020-04-14,49,826,2,26,7164788
sul,RS,2020-04-14,36,700,2,18,11377239
centro-oeste,MS,2020-04-14,2,115,0,4,2778986
centro-oeste,MT,2020-04-14,4,138,0,4,3484466
centro-oeste,GO,2020-04-14,51,284,0,15,7018354
centro-oeste,DF,2020-04-14,13,651,2,17,3015268
norte,RO,2020-04-13,7,42,0,2,1777225
norte,AC,2020-04-13,13,90,1,3,881935
norte,AM,2020-04-13,69,1275,9,71,4144597
norte,RR,2020-04-13,4,83,0,3,605761
norte,PA,2020-04-13,24,270,2,15,8602865
norte,AP,2020-04-13,12,242,0,5,845731
norte,TO,2020-04-13,1,26,0,0,1572866
nordeste,MA,2020-04-13,47,445,3,27,7075181
nordeste,PI,2020-04-13,6,50,1,8,3273227
nordeste,CE,2020-04-13,124,1800,17,91,9132078
nordeste,RN,2020-04-13,37,339,2,17,3506853
nordeste,PB,2020-04-13,10,111,0,13,4018127
nordeste,PE,2020-04-13,194,1154,17,102,9557071
nordeste,AL,2020-04-13,2,50,0,3,3337357
nordeste,SE,2020-04-13,0,44,0,4,2298696
nordeste,BA,2020-04-13,50,723,1,22,14873064
sudeste,MG,2020-04-13,9,815,3,23,21168791
sudeste,ES,2020-04-13,47,430,5,14,4018650
sudeste,RJ,2020-04-13,376,3231,18,188,17264943
sudeste,SP,2020-04-13,140,8895,20,608,45919049
sul,PR,2020-04-13,18,756,1,31,11433957
sul,SC,2020-04-13,9,777,0,24,7164788
sul,RS,2020-04-13,11,664,0,16,11377239
centro-oeste,MS,2020-04-13,12,113,2,4,2778986
centro-oeste,MT,2020-04-13,11,134,1,4,3484466
centro-oeste,GO,2020-04-13,4,233,1,15,7018354
centro-oeste,DF,2020-04-13,24,638,1,15,3015268
norte,RO,2020-04-12,2,35,0,2,1777225
norte,AC,2020-04-12,5,77,0,2,881935
norte,AM,2020-04-12,156,1206,9,62,4144597
norte,RR,2020-04-12,4,79,0,3,605761
norte,PA,2020-04-12,29,246,3,13,8602865
norte,AP,2020-04-12,37,230,2,5,845731
norte,TO,2020-04-12,2,25,0,0,1572866
nordeste,MA,2020-04-12,54,398,3,24,7075181
nordeste,PI,2020-04-12,3,44,0,7,3273227
nordeste,CE,2020-04-12,94,1676,7,74,9132078
nordeste,RN,2020-04-12,13,302,2,15,3506853
nordeste,PB,2020-04-12,16,101,2,13,4018127
nordeste,PE,2020-04-12,144,960,13,85,9557071
nordeste,AL,2020-04-12,0,48,0,3,3337357
nordeste,SE,2020-04-12,2,44,0,4,2298696
nordeste,BA,2020-04-12,38,673,0,21,14873064
sudeste,MG,2020-04-12,56,806,3,20,21168791
sudeste,ES,2020-04-12,34,383,0,9,4018650
sudeste,RJ,2020-04-12,248,2855,15,170,17264943
sudeste,SP,2020-04-12,336,8755,28,588,45919049
sul,PR,2020-04-12,62,738,4,30,11433957
sul,SC,2020-04-12,36,768,3,24,7164788
sul,RS,2020-04-12,13,653,1,16,11377239
centro-oeste,MS,2020-04-12,1,101,0,2,2778986
centro-oeste,MT,2020-04-12,2,123,0,3,3484466
centro-oeste,GO,2020-04-12,20,229,4,14,7018354
centro-oeste,DF,2020-04-12,35,614,0,14,3015268
norte,RO,2020-04-11,1,33,0,2,1777225
norte,AC,2020-04-11,2,72,0,2,881935
norte,AM,2020-04-11,69,1050,3,53,4144597
norte,RR,2020-04-11,12,75,0,3,605761
norte,PA,2020-04-11,47,217,1,10,8602865
norte,AP,2020-04-11,27,193,1,3,845731
norte,TO,2020-04-11,0,23,0,0,1572866
nordeste,MA,2020-04-11,51,344,5,21,7075181
nordeste,PI,2020-04-11,1,41,0,7,3273227
nordeste,CE,2020-04-11,104,1582,9,67,9132078
nordeste,RN,2020-04-11,26,289,2,13,3506853
nordeste,PB,2020-04-11,6,85,0,11,4018127
nordeste,PE,2020-04-11,132,816,7,72,9557071
nordeste,AL,2020-04-11,3,48,0,3,3337357
nordeste,SE,2020-04-11,0,42,0,4,2298696
nordeste,BA,2020-04-11,31,635,2,21,14873064
sudeste,MG,2020-04-11,52,750,0,17,21168791
sudeste,ES,2020-04-11,49,349,2,9,4018650
sudeste,RJ,2020-04-11,143,2607,8,155,17264943
sudeste,SP,2020-04-11,203,8419,20,560,45919049
sul,PR,2020-04-11,33,676,1,26,11433957
sul,SC,2020-04-11,39,732,3,21,7164788
sul,RS,2020-04-11,4,640,1,15,11377239
centro-oeste,MS,2020-04-11,3,100,0,2,2778986
centro-oeste,MT,2020-04-11,9,121,1,3,3484466
centro-oeste,GO,2020-04-11,18,209,2,10,7018354
centro-oeste,DF,2020-04-11,24,579,0,14,3015268
norte,RO,2020-04-10,4,32,0,2,1777225
norte,AC,2020-04-10,8,70,0,2,881935
norte,AM,2020-04-10,82,981,10,50,4144597
norte,RR,2020-04-10,11,63,2,3,605761
norte,PA,2020-04-10,2,170,2,9,8602865
norte,AP,2020-04-10,38,166,0,2,845731
norte,TO,2020-04-10,0,23,0,0,1572866
nordeste,MA,2020-04-10,20,293,4,16,7075181
nordeste,PI,2020-04-10,2,40,1,7,3273227
nordeste,CE,2020-04-10,53,1478,3,58,9132078
nordeste,RN,2020-04-10,2,263,0,11,3506853
nordeste,PB,2020-04-10,24,79,4,11,4018127
nordeste,PE,2020-04-10,129,684,9,65,9557071
nordeste,AL,2020-04-10,8,45,0,3,3337357
nordeste,SE,2020-04-10,3,42,0,4,2298696
nordeste,BA,2020-04-10,45,604,0,19,14873064
sudeste,MG,2020-04-10,43,698,2,17,21168791
sudeste,ES,2020-04-10,27,300,1,7,4018650
sudeste,RJ,2020-04-10,248,2464,25,147,17264943
sudeste,SP,2020-04-10,736,8216,44,540,45919049
sul,PR,2020-04-10,34,643,3,25,11433957
sul,SC,2020-04-10,192,693,1,18,7164788
sul,RS,2020-04-10,18,636,2,14,11377239
centro-oeste,MS,2020-04-10,8,97,0,2,2778986
centro-oeste,MT,2020-04-10,4,112,0,2,3484466
centro-oeste,GO,2020-04-10,12,191,1,8,7018354
centro-oeste,DF,2020-04-10,28,555,1,14,3015268
norte,RO,2020-04-09,10,28,1,2,1777225
norte,AC,2020-04-09,8,62,0,2,881935
norte,AM,2020-04-09,95,899,10,40,4144597
norte,RR,2020-04-09,3,52,0,1,605761
norte,PA,2020-04-09,1,168,1,7,8602865
norte,AP,2020-04-09,21,128,0,2,845731
norte,TO,2020-04-09,0,23,0,0,1572866
nordeste,MA,2020-04-09,43,273,1,12,7075181
nordeste,PI,2020-04-09,7,38,1,6,3273227
nordeste,CE,2020-04-09,134,1425,12,55,9132078
nordeste,RN,2020-04-09,0,261,0,11,3506853
nordeste,PB,2020-04-09,14,55,3,7,4018127
nordeste,PE,2020-04-09,154,555,10,56,9557071
nordeste,AL,2020-04-09,0,37,1,3,3337357
nordeste,SE,2020-04-09,3,39,0,4,2298696
nordeste,BA,2020-04-09,62,559,4,19,14873064
sudeste,MG,2020-04-09,41,655,1,15,21168791
sudeste,ES,2020-04-09,46,273,0,6,4018650
sudeste,RJ,2020-04-09,278,2216,16,122,17264943
sudeste,SP,2020-04-09,772,7480,68,496,45919049
sul,PR,2020-04-09,70,609,5,22,11433957
sul,SC,2020-04-09,44,501,2,17,7164788
sul,RS,2020-04-09,63,618,3,12,11377239
centro-oeste,MS,2020-04-09,4,89,0,2,2778986
centro-oeste,MT,2020-04-09,18,108,1,2,3484466
centro-oeste,GO,2020-04-09,21,179,0,7,7018354
centro-oeste,DF,2020-04-09,18,527,1,13,3015268
norte,RO,2020-04-08,0,18,0,1,1777225
norte,AC,2020-04-08,4,54,1,2,881935
norte,AM,2020-04-08,168,804,7,30,4144597
norte,RR,2020-04-08,7,49,0,1,605761
norte,PA,2020-04-08,29,167,1,6,8602865
norte,AP,2020-04-08,59,107,0,2,845731
norte,TO,2020-04-08,4,23,0,0,1572866
nordeste,MA,2020-04-08,58,230,7,11,7075181
nordeste,PI,2020-04-08,3,31,1,5,3273227
nordeste,CE,2020-04-08,240,1291,12,43,9132078
nordeste,RN,2020-04-08,7,261,3,11,3506853
nordeste,PB,2020-04-08,5,41,0,4,4018127
nordeste,PE,2020-04-08,49,401,12,46,9557071
nordeste,AL,2020-04-08,5,37,0,2,3337357
nordeste,SE,2020-04-08,0,36,0,4,2298696
nordeste,BA,2020-04-08,41,497,3,15,14873064
sudeste,MG,2020-04-08,55,614,3,14,21168791
sudeste,ES,2020-04-08,18,227,0,6,4018650
sudeste,RJ,2020-04-08,250,1938,17,106,17264943
sudeste,SP,2020-04-08,1026,6708,57,428,45919049
sul,PR,2020-04-08,36,539,2,17,11433957
sul,SC,2020-04-08,40,457,4,15,7164788
sul,RS,2020-04-08,47,555,1,9,11377239
centro-oeste,MS,2020-04-08,5,85,0,2,2778986
centro-oeste,MT,2020-04-08,12,90,0,1,3484466
centro-oeste,GO,2020-04-08,25,158,2,7,7018354
centro-oeste,DF,2020-04-08,17,509,0,12,3015268
norte,RO,2020-04-07,4,18,0,1,1777225
norte,AC,2020-04-07,0,50,1,1,881935
norte,AM,2020-04-07,104,636,4,23,4144597
norte,RR,2020-04-07,0,42,0,1,605761
norte,PA,2020-04-07,36,138,2,5,8602865
norte,AP,2020-04-07,14,48,0,2,845731
norte,TO,2020-04-07,2,19,0,0,1572866
nordeste,MA,2020-04-07,39,172,2,4,7075181
nordeste,PI,2020-04-07,5,28,0,4,3273227
nordeste,CE,2020-04-07,38,1051,2,31,9132078
nordeste,RN,2020-04-07,8,254,1,8,3506853
nordeste,PB,2020-04-07,1,36,0,4,4018127
nordeste,PE,2020-04-07,129,352,4,34,9557071
nordeste,AL,2020-04-07,1,32,0,2,3337357
nordeste,SE,2020-04-07,4,36,0,4,2298696
nordeste,BA,2020-04-07,25,456,2,12,14873064
sudeste,MG,2020-04-07,34,559,2,11,21168791
sudeste,ES,2020-04-07,15,209,0,6,4018650
sudeste,RJ,2020-04-07,227,1688,18,89,17264943
sudeste,SP,2020-04-07,816,5682,67,371,45919049
sul,PR,2020-04-07,45,503,4,15,11433957
sul,SC,2020-04-07,38,417,1,11,7164788
sul,RS,2020-04-07,27,508,1,8,11377239
centro-oeste,MS,2020-04-07,14,80,1,2,2778986
centro-oeste,MT,2020-04-07,2,78,0,1,3484466
centro-oeste,GO,2020-04-07,14,133,0,5,7018354
centro-oeste,DF,2020-04-07,19,492,2,12,3015268
norte,RO,2020-04-06,2,14,0,1,1777225
norte,AC,2020-04-06,2,50,0,0,881935
norte,AM,2020-04-06,115,532,5,19,4144597
norte,RR,2020-04-06,0,42,0,1,605761
norte,PA,2020-04-06,16,102,2,3,8602865
norte,AP,2020-04-06,5,34,0,2,845731
norte,TO,2020-04-06,0,17,0,0,1572866
nordeste,MA,2020-04-06,37,133,0,2,7075181
nordeste,PI,2020-04-06,0,23,0,4,3273227
nordeste,CE,2020-04-06,190,1013,3,29,9132078
nordeste,RN,2020-04-06,4,246,0,7,3506853
nordeste,PB,2020-04-06,1,35,0,4,4018127
nordeste,PE,2020-04-06,22,223,9,30,9557071
nordeste,AL,2020-04-06,3,31,0,2,3337357
nordeste,SE,2020-04-06,0,32,1,4,2298696
nordeste,BA,2020-04-06,30,431,1,10,14873064
sudeste,MG,2020-04-06,27,525,3,9,21168791
sudeste,ES,2020-04-06,28,194,0,6,4018650
sudeste,RJ,2020-04-06,67,1461,7,71,17264943
sudeste,SP,2020-04-06,246,4866,29,304,45919049
sul,PR,2020-04-06,20,458,2,11,11433957
sul,SC,2020-04-06,22,379,0,10,7164788
sul,RS,2020-04-06,63,481,0,7,11377239
centro-oeste,MS,2020-04-06,1,66,0,1,2778986
centro-oeste,MT,2020-04-06,16,76,0,1,3484466
centro-oeste,GO,2020-04-06,4,119,2,5,7018354
centro-oeste,DF,2020-04-06,5,473,3,10,3015268
norte,RO,2020-04-05,1,12,0,1,1777225
norte,AC,2020-04-05,2,48,0,0,881935
norte,AM,2020-04-05,106,417,2,14,4144597
norte,RR,2020-04-05,5,42,0,1,605761
norte,PA,2020-04-05,6,86,0,1,8602865
norte,AP,2020-04-05,1,29,1,2,845731
norte,TO,2020-04-05,3,17,0,0,1572866
nordeste,MA,2020-04-05,8,96,1,2,7075181
nordeste,PI,2020-04-05,1,23,0,4,3273227
nordeste,CE,2020-04-05,93,823,4,26,9132078
nordeste,RN,2020-04-05,30,242,2,7,3506853
nordeste,PB,2020-04-05,2,34,2,4,4018127
nordeste,PE,2020-04-05,25,201,7,21,9557071
nordeste,AL,2020-04-05,5,28,0,2,3337357
nordeste,SE,2020-04-05,5,32,1,3,2298696
nordeste,BA,2020-04-05,69,401,2,9,14873064
sudeste,MG,2020-04-05,68,498,0,6,21168791
sudeste,ES,2020-04-05,13,166,1,6,4018650
sudeste,RJ,2020-04-05,148,1394,6,64,17264943
sudeste,SP,2020-04-05,154,4620,15,275,45919049
sul,PR,2020-04-05,43,438,3,9,11433957
sul,SC,2020-04-05,23,357,5,10,7164788
sul,RS,2020-04-05,8,418,1,7,11377239
centro-oeste,MS,2020-04-05,3,65,0,1,2778986
centro-oeste,MT,2020-04-05,4,60,0,1,3484466
centro-oeste,GO,2020-04-05,12,115,1,3,7018354
centro-oeste,DF,2020-04-05,14,468,0,7,3015268
norte,RO,2020-04-04,1,11,0,1,1777225
norte,AC,2020-04-04,0,46,0,0,881935
norte,AM,2020-04-04,51,311,5,12,4144597
norte,RR,2020-04-04,7,37,1,1,605761
norte,PA,2020-04-04,30,80,0,1,8602865
norte,AP,2020-04-04,9,28,1,1,845731
norte,TO,2020-04-04,2,14,0,0,1572866
nordeste,MA,2020-04-04,7,88,0,1,7075181
nordeste,PI,2020-04-04,1,22,0,4,3273227
nordeste,CE,2020-04-04,103,730,0,22,9132078
nordeste,RN,2020-04-04,36,212,1,5,3506853
nordeste,PB,2020-04-04,3,32,1,2,4018127
nordeste,PE,2020-04-04,40,176,4,14,9557071
nordeste,AL,2020-04-04,1,23,0,2,3337357
nordeste,SE,2020-04-04,2,27,0,2,2298696
nordeste,BA,2020-04-04,50,332,2,7,14873064
sudeste,MG,2020-04-04,33,430,0,6,21168791
sudeste,ES,2020-04-04,14,153,1,5,4018650
sudeste,RJ,2020-04-04,172,1246,11,58,17264943
sudeste,SP,2020-04-04,418,4466,41,260,45919049
sul,PR,2020-04-04,94,395,2,6,11433957
sul,SC,2020-04-04,53,334,0,5,7164788
sul,RS,2020-04-04,14,410,1,6,11377239
centro-oeste,MS,2020-04-04,2,62,0,1,2778986
centro-oeste,MT,2020-04-04,12,56,0,1,3484466
centro-oeste,GO,2020-04-04,15,103,0,2,7018354
centro-oeste,DF,2020-04-04,52,454,2,7,3015268
norte,RO,2020-04-03,0,10,0,1,1777225
norte,AC,2020-04-03,3,46,0,0,881935
norte,AM,2020-04-03,31,260,4,7,4144597
norte,RR,2020-04-03,4,30,0,0,605761
norte,PA,2020-04-03,4,50,0,1,8602865
norte,AP,2020-04-03,8,19,0,0,845731
norte,TO,2020-04-03,0,12,0,0,1572866
nordeste,MA,2020-04-03,10,81,0,1,7075181
nordeste,PI,2020-04-03,2,21,0,4,3273227
nordeste,CE,2020-04-03,77,627,2,22,9132078
nordeste,RN,2020-04-03,71,176,2,4,3506853
nordeste,PB,2020-04-03,8,29,0,1,4018127
nordeste,PE,2020-04-03,30,136,1,10,9557071
nordeste,AL,2020-04-03,4,22,1,2,3337357
nordeste,SE,2020-04-03,2,25,0,2,2298696
nordeste,BA,2020-04-03,15,282,2,5,14873064
sudeste,MG,2020-04-03,27,397,2,6,21168791
sudeste,ES,2020-04-03,19,139,3,4,4018650
sudeste,RJ,2020-04-03,82,1074,6,47,17264943
sudeste,SP,2020-04-03,542,4048,31,219,45919049
sul,PR,2020-04-03,49,301,0,4,11433957
sul,SC,2020-04-03,34,281,3,5,7164788
sul,RS,2020-04-03,62,396,0,5,11377239
centro-oeste,MS,2020-04-03,7,60,0,1,2778986
centro-oeste,MT,2020-04-03,8,44,1,1,3484466
centro-oeste,GO,2020-04-03,15,88,1,2,7018354
centro-oeste,DF,2020-04-03,32,402,1,5,3015268
norte,RO,2020-04-02,1,10,0,1,1777225
norte,AC,2020-04-02,0,43,0,0,881935
norte,AM,2020-04-02,29,229,0,3,4144597
norte,RR,2020-04-02,4,26,0,0,605761
norte,PA,2020-04-02,6,46,0,1,8602865
norte,AP,2020-04-02,0,11,0,0,845731
norte,TO,2020-04-02,0,12,0,0,1572866
nordeste,MA,2020-04-02,19,71,0,1,7075181
nordeste,PI,2020-04-02,1,19,0,4,3273227
nordeste,CE,2020-04-02,106,550,12,20,9132078
nordeste,RN,2020-04-02,13,105,0,2,3506853
nordeste,PB,2020-04-02,1,21,0,1,4018127
nordeste,PE,2020-04-02,11,106,1,9,9557071
nordeste,AL,2020-04-02,0,18,0,1,3337357
nordeste,SE,2020-04-02,3,23,2,2,2298696
nordeste,BA,2020-04-02,21,267,1,3,14873064
sudeste,MG,2020-04-02,56,370,1,4,21168791
sudeste,ES,2020-04-02,24,120,1,1,4018650
sudeste,RJ,2020-04-02,160,992,13,41,17264943
sudeste,SP,2020-04-02,525,3506,24,188,45919049
sul,PR,2020-04-02,28,252,1,4,11433957
sul,SC,2020-04-02,12,247,0,2,7164788
sul,RS,2020-04-02,28,334,1,5,11377239
centro-oeste,MS,2020-04-02,2,53,0,1,2778986
centro-oeste,MT,2020-04-02,9,36,0,0,3484466
centro-oeste,GO,2020-04-02,2,73,0,1,7018354
centro-oeste,DF,2020-04-02,15,370,1,4,3015268
norte,RO,2020-04-01,1,9,0,1,1777225
norte,AC,2020-04-01,1,43,0,0,881935
norte,AM,2020-04-01,25,200,0,3,4144597
norte,RR,2020-04-01,6,22,0,0,605761
norte,PA,2020-04-01,8,40,1,1,8602865
norte,AP,2020-04-01,1,11,0,0,845731
norte,TO,2020-04-01,1,12,0,0,1572866
nordeste,MA,2020-04-01,21,52,0,1,7075181
nordeste,PI,2020-04-01,0,18,0,4,3273227
nordeste,CE,2020-04-01,54,444,1,8,9132078
nordeste,RN,2020-04-01,10,92,1,2,3506853
nordeste,PB,2020-04-01,3,20,1,1,4018127
nordeste,PE,2020-04-01,8,95,2,8,9557071
nordeste,AL,2020-04-01,0,18,0,1,3337357
nordeste,SE,2020-04-01,1,20,0,0,2298696
nordeste,BA,2020-04-01,33,246,0,2,14873064
sudeste,MG,2020-04-01,39,314,1,3,21168791
sudeste,ES,2020-04-01,12,96,0,0,4018650
sudeste,RJ,2020-04-01,124,832,5,28,17264943
sudeste,SP,2020-04-01,642,2981,28,164,45919049
sul,PR,2020-04-01,45,224,0,3,11433957
sul,SC,2020-04-01,16,235,0,2,7164788
sul,RS,2020-04-01,32,306,0,4,11377239
centro-oeste,MS,2020-04-01,3,51,0,1,2778986
centro-oeste,MT,2020-04-01,2,27,0,0,3484466
centro-oeste,GO,2020-04-01,6,71,0,1,7018354
centro-oeste,DF,2020-04-01,23,355,0,3,3015268
norte,RO,2020-03-31,2,8,1,1,1777225
norte,AC,2020-03-31,0,42,0,0,881935
norte,AM,2020-03-31,24,175,2,3,4144597
norte,RR,2020-03-31,0,16,0,0,605761
norte,PA,2020-03-31,11,32,0,0,8602865
norte,AP,2020-03-31,2,10,0,0,845731
norte,TO,2020-03-31,1,11,0,0,1572866
nordeste,MA,2020-03-31,8,31,0,1,7075181
nordeste,PI,2020-03-31,2,18,1,4,3273227
nordeste,CE,2020-03-31,18,390,2,7,9132078
nordeste,RN,2020-03-31,5,82,0,1,3506853
nordeste,PB,2020-03-31,2,17,0,0,4018127
nordeste,PE,2020-03-31,9,87,0,6,9557071
nordeste,AL,2020-03-31,1,18,1,1,3337357
nordeste,SE,2020-03-31,3,19,0,0,2298696
nordeste,BA,2020-03-31,37,213,1,2,14873064
sudeste,MG,2020-03-31,14,275,1,2,21168791
sudeste,ES,2020-03-31,12,84,0,0,4018650
sudeste,RJ,2020-03-31,51,708,5,23,17264943
sudeste,SP,2020-03-31,822,2339,23,136,45919049
sul,PR,2020-03-31,24,179,0,3,11433957
sul,SC,2020-03-31,22,219,1,2,7164788
sul,RS,2020-03-31,33,274,1,4,11377239
centro-oeste,MS,2020-03-31,4,48,1,1,2778986
centro-oeste,MT,2020-03-31,7,25,0,0,3484466
centro-oeste,GO,2020-03-31,4,65,0,1,7018354
centro-oeste,DF,2020-03-31,20,332,2,3,3015268
norte,RO,2020-03-30,0,6,0,0,1777225
norte,AC,2020-03-30,8,42,0,0,881935
norte,AM,2020-03-30,11,151,0,1,4144597
norte,RR,2020-03-30,0,16,0,0,605761
norte,PA,2020-03-30,3,21,0,0,8602865
norte,AP,2020-03-30,4,8,0,0,845731
norte,TO,2020-03-30,1,10,0,0,1572866
nordeste,MA,2020-03-30,7,23,1,1,7075181
nordeste,PI,2020-03-30,2,16,2,3,3273227
nordeste,CE,2020-03-30,24,372,0,5,9132078
nordeste,RN,2020-03-30,9,77,0,1,3506853
nordeste,PB,2020-03-30,1,15,0,0,4018127
nordeste,PE,2020-03-30,5,78,1,6,9557071
nordeste,AL,2020-03-30,0,17,0,0,3337357
nordeste,SE,2020-03-30,0,16,0,0,2298696
nordeste,BA,2020-03-30,22,176,0,1,14873064
sudeste,MG,2020-03-30,30,261,1,1,21168791
sudeste,ES,2020-03-30,12,72,0,0,4018650
sudeste,RJ,2020-03-30,57,657,1,18,17264943
sudeste,SP,2020-03-30,66,1517,15,113,45919049
sul,PR,2020-03-30,7,155,1,3,11433957
sul,SC,2020-03-30,3,197,0,1,7164788
sul,RS,2020-03-30,15,241,1,3,11377239
centro-oeste,MS,2020-03-30,8,44,0,0,2778986
centro-oeste,MT,2020-03-30,2,18,0,0,3484466
centro-oeste,GO,2020-03-30,3,61,0,1,7018354
centro-oeste,DF,2020-03-30,23,312,0,1,3015268
norte,RO,2020-03-29,0,6,0,0,1777225
norte,AC,2020-03-29,9,34,0,0,881935
norte,AM,2020-03-29,29,140,0,1,4144597
norte,RR,2020-03-29,4,16,0,0,605761
norte,PA,2020-03-29,1,18,0,0,8602865
norte,AP,2020-03-29,0,4,0,0,845731
norte,TO,2020-03-29,0,9,0,0,1572866
nordeste,MA,2020-03-29,2,16,0,0,7075181
nordeste,PI,2020-03-29,3,14,0,1,3273227
nordeste,CE,2020-03-29,34,348,1,5,9132078
nordeste,RN,2020-03-29,23,68,1,1,3506853
nordeste,PB,2020-03-29,0,14,0,0,4018127
nordeste,PE,2020-03-29,5,73,0,5,9557071
nordeste,AL,2020-03-29,3,17,0,0,3337357
nordeste,SE,2020-03-29,0,16,0,0,2298696
nordeste,BA,2020-03-29,27,154,1,1,14873064
sudeste,MG,2020-03-29,26,231,0,0,21168791
sudeste,ES,2020-03-29,7,60,0,0,4018650
sudeste,RJ,2020-03-29,42,600,4,17,17264943
sudeste,SP,2020-03-29,45,1451,14,98,45919049
sul,PR,2020-03-29,15,148,0,2,11433957
sul,SC,2020-03-29,10,194,0,1,7164788
sul,RS,2020-03-29,29,226,0,2,11377239
centro-oeste,MS,2020-03-29,5,36,0,0,2778986
centro-oeste,MT,2020-03-29,3,16,0,0,3484466
centro-oeste,GO,2020-03-29,2,58,0,1,7018354
centro-oeste,DF,2020-03-29,29,289,1,1,3015268
norte,RO,2020-03-28,0,6,0,0,1777225
norte,AC,2020-03-28,0,25,0,0,881935
norte,AM,2020-03-28,30,111,0,1,4144597
norte,RR,2020-03-28,2,12,0,0,605761
norte,PA,2020-03-28,4,17,0,0,8602865
norte,AP,2020-03-28,2,4,0,0,845731
norte,TO,2020-03-28,1,9,0,0,1572866
nordeste,MA,2020-03-28,1,14,0,0,7075181
nordeste,PI,2020-03-28,2,11,1,1,3273227
nordeste,CE,2020-03-28,32,314,1,4,9132078
nordeste,RN,2020-03-28,17,45,0,0,3506853
nordeste,PB,2020-03-28,5,14,0,0,4018127
nordeste,PE,2020-03-28,12,68,1,5,9557071
nordeste,AL,2020-03-28,3,14,0,0,3337357
nordeste,SE,2020-03-28,0,16,0,0,2298696
nordeste,BA,2020-03-28,12,127,0,0,14873064
sudeste,MG,2020-03-28,16,205,0,0,21168791
sudeste,ES,2020-03-28,6,53,0,0,4018650
sudeste,RJ,2020-03-28,65,558,3,13,17264943
sudeste,SP,2020-03-28,183,1406,16,84,45919049
sul,PR,2020-03-28,14,133,0,2,11433957
sul,SC,2020-03-28,35,184,0,1,7164788
sul,RS,2020-03-28,2,197,0,2,11377239
centro-oeste,MS,2020-03-28,3,31,0,0,2778986
centro-oeste,MT,2020-03-28,2,13,0,0,3484466
centro-oeste,GO,2020-03-28,7,56,0,1,7018354
centro-oeste,DF,2020-03-28,30,260,0,0,3015268
norte,RO,2020-03-27,1,6,0,0,1777225
norte,AC,2020-03-27,1,25,0,0,881935
norte,AM,2020-03-27,14,81,0,1,4144597
norte,RR,2020-03-27,2,10,0,0,605761
norte,PA,2020-03-27,0,13,0,0,8602865
norte,AP,2020-03-27,0,2,0,0,845731
norte,TO,2020-03-27,1,8,0,0,1572866
nordeste,MA,2020-03-27,3,13,0,0,7075181
nordeste,PI,2020-03-27,0,9,0,0,3273227
nordeste,CE,2020-03-27,47,282,0,3,9132078
nordeste,RN,2020-03-27,9,28,0,0,3506853
nordeste,PB,2020-03-27,4,9,0,0,4018127
nordeste,PE,2020-03-27,8,56,1,4,9557071
nordeste,AL,2020-03-27,0,11,0,0,3337357
nordeste,SE,2020-03-27,0,16,0,0,2298696
nordeste,BA,2020-03-27,11,115,0,0,14873064
sudeste,MG,2020-03-27,36,189,0,0,21168791
sudeste,ES,2020-03-27,8,47,0,0,4018650
sudeste,RJ,2020-03-27,72,493,1,10,17264943
sudeste,SP,2020-03-27,171,1223,10,68,45919049
sul,PR,2020-03-27,17,119,2,2,11433957
sul,SC,2020-03-27,27,149,0,1,7164788
sul,RS,2020-03-27,27,195,1,2,11377239
centro-oeste,MS,2020-03-27,3,28,0,0,2778986
centro-oeste,MT,2020-03-27,0,11,0,0,3484466
centro-oeste,GO,2020-03-27,10,49,0,1,7018354
centro-oeste,DF,2020-03-27,30,230,0,0,3015268
norte,RO,2020-03-26,0,5,0,0,1777225
norte,AC,2020-03-26,1,24,0,0,881935
norte,AM,2020-03-26,13,67,0,1,4144597
norte,RR,2020-03-26,0,8,0,0,605761
norte,PA,2020-03-26,6,13,0,0,8602865
norte,AP,2020-03-26,1,2,0,0,845731
norte,TO,2020-03-26,0,7,0,0,1572866
nordeste,MA,2020-03-26,2,10,0,0,7075181
nordeste,PI,2020-03-26,1,9,0,0,3273227
nordeste,CE,2020-03-26,35,235,3,3,9132078
nordeste,RN,2020-03-26,5,19,0,0,3506853
nordeste,PB,2020-03-26,2,5,0,0,4018127
nordeste,PE,2020-03-26,2,48,2,3,9557071
nordeste,AL,2020-03-26,0,11,0,0,3337357
nordeste,SE,2020-03-26,0,16,0,0,2298696
nordeste,BA,2020-03-26,20,104,0,0,14873064
sudeste,MG,2020-03-26,20,153,0,0,21168791
sudeste,ES,2020-03-26,0,39,0,0,4018650
sudeste,RJ,2020-03-26,51,421,3,9,17264943
sudeste,SP,2020-03-26,190,1052,10,58,45919049
sul,PR,2020-03-26,21,102,0,0,11433957
sul,SC,2020-03-26,13,122,1,1,7164788
sul,RS,2020-03-26,45,168,0,1,11377239
centro-oeste,MS,2020-03-26,1,25,0,0,2778986
centro-oeste,MT,2020-03-26,3,11,0,0,3484466
centro-oeste,GO,2020-03-26,10,39,1,1,7018354
centro-oeste,DF,2020-03-26,40,200,0,0,3015268
norte,RO,2020-03-25,2,5,0,0,1777225
norte,AC,2020-03-25,6,23,0,0,881935
norte,AM,2020-03-25,7,54,1,1,4144597
norte,RR,2020-03-25,6,8,0,0,605761
norte,PA,2020-03-25,2,7,0,0,8602865
norte,AP,2020-03-25,0,1,0,0,845731
norte,TO,2020-03-25,0,7,0,0,1572866
nordeste,MA,2020-03-25,0,8,0,0,7075181
nordeste,PI,2020-03-25,2,8,0,0,3273227
nordeste,CE,2020-03-25,18,200,0,0,9132078
nordeste,RN,2020-03-25,1,14,0,0,3506853
nordeste,PB,2020-03-25,0,3,0,0,4018127
nordeste,PE,2020-03-25,4,46,1,1,9557071
nordeste,AL,2020-03-25,2,11,0,0,3337357
nordeste,SE,2020-03-25,1,16,0,0,2298696
nordeste,BA,2020-03-25,8,84,0,0,14873064
sudeste,MG,2020-03-25,3,133,0,0,21168791
sudeste,ES,2020-03-25,6,39,0,0,4018650
sudeste,RJ,2020-03-25,65,370,0,6,17264943
sudeste,SP,2020-03-25,52,862,8,48,45919049
sul,PR,2020-03-25,16,81,0,0,11433957
sul,SC,2020-03-25,2,109,0,0,7164788
sul,RS,2020-03-25,25,123,1,1,11377239
centro-oeste,MS,2020-03-25,1,24,0,0,2778986
centro-oeste,MT,2020-03-25,1,8,0,0,3484466
centro-oeste,GO,2020-03-25,2,29,0,0,7018354
centro-oeste,DF,2020-03-25,0,160,0,0,3015268
norte,RO,2020-03-24,0,3,0,0,1777225
norte,AC,2020-03-24,6,17,0,0,881935
norte,AM,2020-03-24,15,47,0,0,4144597
norte,RR,2020-03-24,0,2,0,0,605761
norte,PA,2020-03-24,0,5,0,0,8602865
norte,AP,2020-03-24,0,1,0,0,845731
norte,TO,2020-03-24,2,7,0,0,1572866
nordeste,MA,2020-03-24,6,8,0,0,7075181
nordeste,PI,2020-03-24,0,6,0,0,3273227
nordeste,CE,2020-03-24,19,182,0,0,9132078
nordeste,RN,2020-03-24,0,13,0,0,3506853
nordeste,PB,2020-03-24,1,3,0,0,4018127
nordeste,PE,2020-03-24,0,42,0,0,9557071
nordeste,AL,2020-03-24,2,9,0,0,3337357
nordeste,SE,2020-03-24,5,15,0,0,2298696
nordeste,BA,2020-03-24,13,76,0,0,14873064
sudeste,MG,2020-03-24,2,130,0,0,21168791
sudeste,ES,2020-03-24,4,33,0,0,4018650
sudeste,RJ,2020-03-24,72,305,2,6,17264943
sudeste,SP,2020-03-24,65,810,10,40,45919049
sul,PR,2020-03-24,9,65,0,0,11433957
sul,SC,2020-03-24,39,107,0,0,7164788
sul,RS,2020-03-24,12,98,0,0,11377239
centro-oeste,MS,2020-03-24,2,23,0,0,2778986
centro-oeste,MT,2020-03-24,5,7,0,0,3484466
centro-oeste,GO,2020-03-24,4,27,0,0,7018354
centro-oeste,DF,2020-03-24,27,160,0,0,3015268
norte,RO,2020-03-23,0,3,0,0,1777225
norte,AC,2020-03-23,0,11,0,0,881935
norte,AM,2020-03-23,6,32,0,0,4144597
norte,RR,2020-03-23,0,2,0,0,605761
norte,PA,2020-03-23,1,5,0,0,8602865
norte,AP,2020-03-23,0,1,0,0,845731
norte,TO,2020-03-23,3,5,0,0,1572866
nordeste,MA,2020-03-23,0,2,0,0,7075181
nordeste,PI,2020-03-23,2,6,0,0,3273227
nordeste,CE,2020-03-23,51,163,0,0,9132078
nordeste,RN,2020-03-23,4,13,0,0,3506853
nordeste,PB,2020-03-23,1,2,0,0,4018127
nordeste,PE,2020-03-23,5,42,0,0,9557071
nordeste,AL,2020-03-23,0,7,0,0,3337357
nordeste,SE,2020-03-23,0,10,0,0,2298696
nordeste,BA,2020-03-23,14,63,0,0,14873064
sudeste,MG,2020-03-23,45,128,0,0,21168791
sudeste,ES,2020-03-23,3,29,0,0,4018650
sudeste,RJ,2020-03-23,47,233,1,4,17264943
sudeste,SP,2020-03-23,114,745,8,30,45919049
sul,PR,2020-03-23,6,56,0,0,11433957
sul,SC,2020-03-23,11,68,0,0,7164788
sul,RS,2020-03-23,14,86,0,0,11377239
centro-oeste,MS,2020-03-23,0,21,0,0,2778986
centro-oeste,MT,2020-03-23,0,2,0,0,3484466
centro-oeste,GO,2020-03-23,2,23,0,0,7018354
centro-oeste,DF,2020-03-23,16,133,0,0,3015268
norte,RO,2020-03-22,2,3,0,0,1777225
norte,AC,2020-03-22,2,11,0,0,881935
norte,AM,2020-03-22,15,26,0,0,4144597
norte,RR,2020-03-22,2,2,0,0,605761
norte,PA,2020-03-22,2,4,0,0,8602865
norte,AP,2020-03-22,0,1,0,0,845731
norte,TO,2020-03-22,0,2,0,0,1572866
nordeste,MA,2020-03-22,1,2,0,0,7075181
nordeste,PI,2020-03-22,0,4,0,0,3273227
nordeste,CE,2020-03-22,44,112,0,0,9132078
nordeste,RN,2020-03-22,3,9,0,0,3506853
nordeste,PB,2020-03-22,0,1,0,0,4018127
nordeste,PE,2020-03-22,7,37,0,0,9557071
nordeste,AL,2020-03-22,0,7,0,0,3337357
nordeste,SE,2020-03-22,0,10,0,0,2298696
nordeste,BA,2020-03-22,8,49,0,0,14873064
sudeste,MG,2020-03-22,45,83,0,0,21168791
sudeste,ES,2020-03-22,0,26,0,0,4018650
sudeste,RJ,2020-03-22,67,186,0,3,17264943
sudeste,SP,2020-03-22,172,631,7,22,45919049
sul,PR,2020-03-22,7,50,0,0,11433957
sul,SC,2020-03-22,6,57,0,0,7164788
sul,RS,2020-03-22,12,72,0,0,11377239
centro-oeste,MS,2020-03-22,5,21,0,0,2778986
centro-oeste,MT,2020-03-22,0,2,0,0,3484466
centro-oeste,GO,2020-03-22,1,21,0,0,7018354
centro-oeste,DF,2020-03-22,17,117,0,0,3015268
norte,RO,2020-03-21,0,1,0,0,1777225
norte,AC,2020-03-21,2,9,0,0,881935
norte,AM,2020-03-21,8,11,0,0,4144597
norte,RR,2020-03-21,0,0,0,0,605761
norte,PA,2020-03-21,0,2,0,0,8602865
norte,AP,2020-03-21,0,1,0,0,845731
norte,TO,2020-03-21,1,2,0,0,1572866
nordeste,MA,2020-03-21,1,1,0,0,7075181
nordeste,PI,2020-03-21,1,4,0,0,3273227
nordeste,CE,2020-03-21,13,68,0,0,9132078
nordeste,RN,2020-03-21,5,6,0,0,3506853
nordeste,PB,2020-03-21,0,1,0,0,4018127
nordeste,PE,2020-03-21,0,30,0,0,9557071
nordeste,AL,2020-03-21,2,7,0,0,3337357
nordeste,SE,2020-03-21,4,10,0,0,2298696
nordeste,BA,2020-03-21,8,41,0,0,14873064
sudeste,MG,2020-03-21,3,38,0,0,21168791
sudeste,ES,2020-03-21,13,26,0,0,4018650
sudeste,RJ,2020-03-21,10,119,1,3,17264943
sudeste,SP,2020-03-21,63,459,6,15,45919049
sul,PR,2020-03-21,11,43,0,0,11433957
sul,SC,2020-03-21,30,51,0,0,7164788
sul,RS,2020-03-21,23,60,0,0,11377239
centro-oeste,MS,2020-03-21,7,16,0,0,2778986
centro-oeste,MT,2020-03-21,1,2,0,0,3484466
centro-oeste,GO,2020-03-21,5,20,0,0,7018354
centro-oeste,DF,2020-03-21,13,100,0,0,3015268
norte,RO,2020-03-20,1,1,0,0,1777225
norte,AC,2020-03-20,4,7,0,0,881935
norte,AM,2020-03-20,0,3,0,0,4144597
norte,RR,2020-03-20,0,0,0,0,605761
norte,PA,2020-03-20,1,2,0,0,8602865
norte,AP,2020-03-20,1,1,0,0,845731
norte,TO,2020-03-20,0,1,0,0,1572866
nordeste,MA,2020-03-20,0,0,0,0,7075181
nordeste,PI,2020-03-20,3,3,0,0,3273227
nordeste,CE,2020-03-20,35,55,0,0,9132078
nordeste,RN,2020-03-20,0,1,0,0,3506853
nordeste,PB,2020-03-20,0,1,0,0,4018127
nordeste,PE,2020-03-20,2,30,0,0,9557071
nordeste,AL,2020-03-20,1,5,0,0,3337357
nordeste,SE,2020-03-20,0,6,0,0,2298696
nordeste,BA,2020-03-20,3,33,0,0,14873064
sudeste,MG,2020-03-20,6,35,0,0,21168791
sudeste,ES,2020-03-20,2,13,0,0,4018650
sudeste,RJ,2020-03-20,44,109,0,2,17264943
sudeste,SP,2020-03-20,110,396,5,9,45919049
sul,PR,2020-03-20,9,32,0,0,11433957
sul,SC,2020-03-20,1,21,0,0,7164788
sul,RS,2020-03-20,9,37,0,0,11377239
centro-oeste,MS,2020-03-20,2,9,0,0,2778986
centro-oeste,MT,2020-03-20,1,1,0,0,3484466
centro-oeste,GO,2020-03-20,3,15,0,0,7018354
centro-oeste,DF,2020-03-20,45,87,0,0,3015268
norte,RO,2020-03-19,0,0,0,0,1777225
norte,AC,2020-03-19,3,3,0,0,881935
norte,AM,2020-03-19,2,3,0,0,4144597
norte,RR,2020-03-19,0,0,0,0,605761
norte,PA,2020-03-19,1,1,0,0,8602865
norte,AP,2020-03-19,0,0,0,0,845731
norte,TO,2020-03-19,1,1,0,0,1572866
nordeste,MA,2020-03-19,0,0,0,0,7075181
nordeste,PI,2020-03-19,0,0,0,0,3273227
nordeste,CE,2020-03-19,11,20,0,0,9132078
nordeste,RN,2020-03-19,0,1,0,0,3506853
nordeste,PB,2020-03-19,1,1,0,0,4018127
nordeste,PE,2020-03-19,12,28,0,0,9557071
nordeste,AL,2020-03-19,3,4,0,0,3337357
nordeste,SE,2020-03-19,1,6,0,0,2298696
nordeste,BA,2020-03-19,27,30,0,0,14873064
sudeste,MG,2020-03-19,14,29,0,0,21168791
sudeste,ES,2020-03-19,2,11,0,0,4018650
sudeste,RJ,2020-03-19,20,65,2,2,17264943
sudeste,SP,2020-03-19,46,286,0,4,45919049
sul,PR,2020-03-19,10,23,0,0,11433957
sul,SC,2020-03-19,10,20,0,0,7164788
sul,RS,2020-03-19,9,28,0,0,11377239
centro-oeste,MS,2020-03-19,0,7,0,0,2778986
centro-oeste,MT,2020-03-19,0,0,0,0,3484466
centro-oeste,GO,2020-03-19,4,12,0,0,7018354
centro-oeste,DF,2020-03-19,16,42,0,0,3015268
norte,RO,2020-03-18,0,0,0,0,1777225
norte,AC,2020-03-18,0,0,0,0,881935
norte,AM,2020-03-18,0,1,0,0,4144597
norte,RR,2020-03-18,0,0,0,0,605761
norte,PA,2020-03-18,0,0,0,0,8602865
norte,AP,2020-03-18,0,0,0,0,845731
norte,TO,2020-03-18,0,0,0,0,1572866
nordeste,MA,2020-03-18,0,0,0,0,7075181
nordeste,PI,2020-03-18,0,0,0,0,3273227
nordeste,CE,2020-03-18,4,9,0,0,9132078
nordeste,RN,2020-03-18,0,1,0,0,3506853
nordeste,PB,2020-03-18,0,0,0,0,4018127
nordeste,PE,2020-03-18,0,16,0,0,9557071
nordeste,AL,2020-03-18,0,1,0,0,3337357
nordeste,SE,2020-03-18,1,5,0,0,2298696
nordeste,BA,2020-03-18,0,3,0,0,14873064
sudeste,MG,2020-03-18,8,15,0,0,21168791
sudeste,ES,2020-03-18,8,9,0,0,4018650
sudeste,RJ,2020-03-18,12,45,0,0,17264943
sudeste,SP,2020-03-18,76,240,3,4,45919049
sul,PR,2020-03-18,7,13,0,0,11433957
sul,SC,2020-03-18,3,10,0,0,7164788
sul,RS,2020-03-18,9,19,0,0,11377239
centro-oeste,MS,2020-03-18,3,7,0,0,2778986
centro-oeste,MT,2020-03-18,0,0,0,0,3484466
centro-oeste,GO,2020-03-18,2,8,0,0,7018354
centro-oeste,DF,2020-03-18,4,26,0,0,3015268
norte,RO,2020-03-17,0,0,0,0,1777225
norte,AC,2020-03-17,0,0,0,0,881935
norte,AM,2020-03-17,0,1,0,0,4144597
norte,RR,2020-03-17,0,0,0,0,605761
norte,PA,2020-03-17,0,0,0,0,8602865
norte,AP,2020-03-17,0,0,0,0,845731
norte,TO,2020-03-17,0,0,0,0,1572866
nordeste,MA,2020-03-17,0,0,0,0,7075181
nordeste,PI,2020-03-17,0,0,0,0,3273227
nordeste,CE,2020-03-17,5,5,0,0,9132078
nordeste,RN,2020-03-17,0,1,0,0,3506853
nordeste,PB,2020-03-17,0,0,0,0,4018127
nordeste,PE,2020-03-17,14,16,0,0,9557071
nordeste,AL,2020-03-17,0,1,0,0,3337357
nordeste,SE,2020-03-17,3,4,0,0,2298696
nordeste,BA,2020-03-17,1,3,0,0,14873064
sudeste,MG,2020-03-17,2,7,0,0,21168791
sudeste,ES,2020-03-17,0,1,0,0,4018650
sudeste,RJ,2020-03-17,2,33,0,0,17264943
sudeste,SP,2020-03-17,12,164,1,1,45919049
sul,PR,2020-03-17,0,6,0,0,11433957
sul,SC,2020-03-17,0,7,0,0,7164788
sul,RS,2020-03-17,4,10,0,0,11377239
centro-oeste,MS,2020-03-17,2,4,0,0,2778986
centro-oeste,MT,2020-03-17,0,0,0,0,3484466
centro-oeste,GO,2020-03-17,3,6,0,0,7018354
centro-oeste,DF,2020-03-17,9,22,0,0,3015268
norte,RO,2020-03-16,0,0,0,0,1777225
norte,AC,2020-03-16,0,0,0,0,881935
norte,AM,2020-03-16,0,1,0,0,4144597
norte,RR,2020-03-16,0,0,0,0,605761
norte,PA,2020-03-16,0,0,0,0,8602865
norte,AP,2020-03-16,0,0,0,0,845731
norte,TO,2020-03-16,0,0,0,0,1572866
nordeste,MA,2020-03-16,0,0,0,0,7075181
nordeste,PI,2020-03-16,0,0,0,0,3273227
nordeste,CE,2020-03-16,0,0,0,0,9132078
nordeste,RN,2020-03-16,0,1,0,0,3506853
nordeste,PB,2020-03-16,0,0,0,0,4018127
nordeste,PE,2020-03-16,0,2,0,0,9557071
nordeste,AL,2020-03-16,0,1,0,0,3337357
nordeste,SE,2020-03-16,0,1,0,0,2298696
nordeste,BA,2020-03-16,0,2,0,0,14873064
sudeste,MG,2020-03-16,3,5,0,0,21168791
sudeste,ES,2020-03-16,0,1,0,0,4018650
sudeste,RJ,2020-03-16,7,31,0,0,17264943
sudeste,SP,2020-03-16,16,152,0,0,45919049
sul,PR,2020-03-16,0,6,0,0,11433957
sul,SC,2020-03-16,1,7,0,0,7164788
sul,RS,2020-03-16,0,6,0,0,11377239
centro-oeste,MS,2020-03-16,2,2,0,0,2778986
centro-oeste,MT,2020-03-16,0,0,0,0,3484466
centro-oeste,GO,2020-03-16,0,3,0,0,7018354
centro-oeste,DF,2020-03-16,5,13,0,0,3015268
norte,RO,2020-03-15,0,0,0,0,1777225
norte,AC,2020-03-15,0,0,0,0,881935
norte,AM,2020-03-15,1,1,0,0,4144597
norte,RR,2020-03-15,0,0,0,0,605761
norte,PA,2020-03-15,0,0,0,0,8602865
norte,AP,2020-03-15,0,0,0,0,845731
norte,TO,2020-03-15,0,0,0,0,1572866
nordeste,MA,2020-03-15,0,0,0,0,7075181
nordeste,PI,2020-03-15,0,0,0,0,3273227
nordeste,CE,2020-03-15,0,0,0,0,9132078
nordeste,RN,2020-03-15,0,1,0,0,3506853
nordeste,PB,2020-03-15,0,0,0,0,4018127
nordeste,PE,2020-03-15,0,2,0,0,9557071
nordeste,AL,2020-03-15,0,1,0,0,3337357
nordeste,SE,2020-03-15,1,1,0,0,2298696
nordeste,BA,2020-03-15,0,2,0,0,14873064
sudeste,MG,2020-03-15,0,2,0,0,21168791
sudeste,ES,2020-03-15,0,1,0,0,4018650
sudeste,RJ,2020-03-15,2,24,0,0,17264943
sudeste,SP,2020-03-15,71,136,0,0,45919049
sul,PR,2020-03-15,0,6,0,0,11433957
sul,SC,2020-03-15,2,6,0,0,7164788
sul,RS,2020-03-15,0,6,0,0,11377239
centro-oeste,MS,2020-03-15,0,0,0,0,2778986
centro-oeste,MT,2020-03-15,0,0,0,0,3484466
centro-oeste,GO,2020-03-15,0,3,0,0,7018354
centro-oeste,DF,2020-03-15,2,8,0,0,3015268
norte,RO,2020-03-14,0,0,0,0,1777225
norte,AC,2020-03-14,0,0,0,0,881935
norte,AM,2020-03-14,0,0,0,0,4144597
norte,RR,2020-03-14,0,0,0,0,605761
norte,PA,2020-03-14,0,0,0,0,8602865
norte,AP,2020-03-14,0,0,0,0,845731
norte,TO,2020-03-14,0,0,0,0,1572866
nordeste,MA,2020-03-14,0,0,0,0,7075181
nordeste,PI,2020-03-14,0,0,0,0,3273227
nordeste,CE,2020-03-14,0,0,0,0,9132078
nordeste,RN,2020-03-14,0,1,0,0,3506853
nordeste,PB,2020-03-14,0,0,0,0,4018127
nordeste,PE,2020-03-14,0,2,0,0,9557071
nordeste,AL,2020-03-14,0,1,0,0,3337357
nordeste,SE,2020-03-14,0,0,0,0,2298696
nordeste,BA,2020-03-14,0,2,0,0,14873064
sudeste,MG,2020-03-14,0,2,0,0,21168791
sudeste,ES,2020-03-14,0,1,0,0,4018650
sudeste,RJ,2020-03-14,6,22,0,0,17264943
sudeste,SP,2020-03-14,9,65,0,0,45919049
sul,PR,2020-03-14,0,6,0,0,11433957
sul,SC,2020-03-14,2,4,0,0,7164788
sul,RS,2020-03-14,2,6,0,0,11377239
centro-oeste,MS,2020-03-14,0,0,0,0,2778986
centro-oeste,MT,2020-03-14,0,0,0,0,3484466
centro-oeste,GO,2020-03-14,0,3,0,0,7018354
centro-oeste,DF,2020-03-14,4,6,0,0,3015268
norte,RO,2020-03-13,0,0,0,0,1777225
norte,AC,2020-03-13,0,0,0,0,881935
norte,AM,2020-03-13,0,0,0,0,4144597
norte,RR,2020-03-13,0,0,0,0,605761
norte,PA,2020-03-13,0,0,0,0,8602865
norte,AP,2020-03-13,0,0,0,0,845731
norte,TO,2020-03-13,0,0,0,0,1572866
nordeste,MA,2020-03-13,0,0,0,0,7075181
nordeste,PI,2020-03-13,0,0,0,0,3273227
nordeste,CE,2020-03-13,0,0,0,0,9132078
nordeste,RN,2020-03-13,1,1,0,0,3506853
nordeste,PB,2020-03-13,0,0,0,0,4018127
nordeste,PE,2020-03-13,0,2,0,0,9557071
nordeste,AL,2020-03-13,0,1,0,0,3337357
nordeste,SE,2020-03-13,0,0,0,0,2298696
nordeste,BA,2020-03-13,0,2,0,0,14873064
sudeste,MG,2020-03-13,1,2,0,0,21168791
sudeste,ES,2020-03-13,0,1,0,0,4018650
sudeste,RJ,2020-03-13,0,16,0,0,17264943
sudeste,SP,2020-03-13,14,56,0,0,45919049
sul,PR,2020-03-13,0,6,0,0,11433957
sul,SC,2020-03-13,2,2,0,0,7164788
sul,RS,2020-03-13,0,4,0,0,11377239
centro-oeste,MS,2020-03-13,0,0,0,0,2778986
centro-oeste,MT,2020-03-13,0,0,0,0,3484466
centro-oeste,GO,2020-03-13,3,3,0,0,7018354
centro-oeste,DF,2020-03-13,0,2,0,0,3015268
norte,RO,2020-03-12,0,0,0,0,1777225
norte,AC,2020-03-12,0,0,0,0,881935
norte,AM,2020-03-12,0,0,0,0,4144597
norte,RR,2020-03-12,0,0,0,0,605761
norte,PA,2020-03-12,0,0,0,0,8602865
norte,AP,2020-03-12,0,0,0,0,845731
norte,TO,2020-03-12,0,0,0,0,1572866
nordeste,MA,2020-03-12,0,0,0,0,7075181
nordeste,PI,2020-03-12,0,0,0,0,3273227
nordeste,CE,2020-03-12,0,0,0,0,9132078
nordeste,RN,2020-03-12,0,0,0,0,3506853
nordeste,PB,2020-03-12,0,0,0,0,4018127
nordeste,PE,2020-03-12,2,2,0,0,9557071
nordeste,AL,2020-03-12,0,1,0,0,3337357
nordeste,SE,2020-03-12,0,0,0,0,2298696
nordeste,BA,2020-03-12,0,2,0,0,14873064
sudeste,MG,2020-03-12,0,1,0,0,21168791
sudeste,ES,2020-03-12,0,1,0,0,4018650
sudeste,RJ,2020-03-12,3,16,0,0,17264943
sudeste,SP,2020-03-12,12,42,0,0,45919049
sul,PR,2020-03-12,6,6,0,0,11433957
sul,SC,2020-03-12,0,0,0,0,7164788
sul,RS,2020-03-12,2,4,0,0,11377239
centro-oeste,MS,2020-03-12,0,0,0,0,2778986
centro-oeste,MT,2020-03-12,0,0,0,0,3484466
centro-oeste,GO,2020-03-12,0,0,0,0,7018354
centro-oeste,DF,2020-03-12,0,2,0,0,3015268
norte,RO,2020-03-11,0,0,0,0,1777225
norte,AC,2020-03-11,0,0,0,0,881935
norte,AM,2020-03-11,0,0,0,0,4144597
norte,RR,2020-03-11,0,0,0,0,605761
norte,PA,2020-03-11,0,0,0,0,8602865
norte,AP,2020-03-11,0,0,0,0,845731
norte,TO,2020-03-11,0,0,0,0,1572866
nordeste,MA,2020-03-11,0,0,0,0,7075181
nordeste,PI,2020-03-11,0,0,0,0,3273227
nordeste,CE,2020-03-11,0,0,0,0,9132078
nordeste,RN,2020-03-11,0,0,0,0,3506853
nordeste,PB,2020-03-11,0,0,0,0,4018127
nordeste,PE,2020-03-11,0,0,0,0,9557071
nordeste,AL,2020-03-11,0,1,0,0,3337357
nordeste,SE,2020-03-11,0,0,0,0,2298696
nordeste,BA,2020-03-11,0,2,0,0,14873064
sudeste,MG,2020-03-11,0,1,0,0,21168791
sudeste,ES,2020-03-11,0,1,0,0,4018650
sudeste,RJ,2020-03-11,5,13,0,0,17264943
sudeste,SP,2020-03-11,11,30,0,0,45919049
sul,PR,2020-03-11,0,0,0,0,11433957
sul,SC,2020-03-11,0,0,0,0,7164788
sul,RS,2020-03-11,1,2,0,0,11377239
centro-oeste,MS,2020-03-11,0,0,0,0,2778986
centro-oeste,MT,2020-03-11,0,0,0,0,3484466
centro-oeste,GO,2020-03-11,0,0,0,0,7018354
centro-oeste,DF,2020-03-11,1,2,0,0,3015268
norte,RO,2020-03-10,0,0,0,0,1777225
norte,AC,2020-03-10,0,0,0,0,881935
norte,AM,2020-03-10,0,0,0,0,4144597
norte,RR,2020-03-10,0,0,0,0,605761
norte,PA,2020-03-10,0,0,0,0,8602865
norte,AP,2020-03-10,0,0,0,0,845731
norte,TO,2020-03-10,0,0,0,0,1572866
nordeste,MA,2020-03-10,0,0,0,0,7075181
nordeste,PI,2020-03-10,0,0,0,0,3273227
nordeste,CE,2020-03-10,0,0,0,0,9132078
nordeste,RN,2020-03-10,0,0,0,0,3506853
nordeste,PB,2020-03-10,0,0,0,0,4018127
nordeste,PE,2020-03-10,0,0,0,0,9557071
nordeste,AL,2020-03-10,0,1,0,0,3337357
nordeste,SE,2020-03-10,0,0,0,0,2298696
nordeste,BA,2020-03-10,0,2,0,0,14873064
sudeste,MG,2020-03-10,0,1,0,0,21168791
sudeste,ES,2020-03-10,0,1,0,0,4018650
sudeste,RJ,2020-03-10,5,8,0,0,17264943
sudeste,SP,2020-03-10,3,19,0,0,45919049
sul,PR,2020-03-10,0,0,0,0,11433957
sul,SC,2020-03-10,0,0,0,0,7164788
sul,RS,2020-03-10,1,1,0,0,11377239
centro-oeste,MS,2020-03-10,0,0,0,0,2778986
centro-oeste,MT,2020-03-10,0,0,0,0,3484466
centro-oeste,GO,2020-03-10,0,0,0,0,7018354
centro-oeste,DF,2020-03-10,0,1,0,0,3015268
norte,RO,2020-03-09,0,0,0,0,1777225
norte,AC,2020-03-09,0,0,0,0,881935
norte,AM,2020-03-09,0,0,0,0,4144597
norte,RR,2020-03-09,0,0,0,0,605761
norte,PA,2020-03-09,0,0,0,0,8602865
norte,AP,2020-03-09,0,0,0,0,845731
norte,TO,2020-03-09,0,0,0,0,1572866
nordeste,MA,2020-03-09,0,0,0,0,7075181
nordeste,PI,2020-03-09,0,0,0,0,3273227
nordeste,CE,2020-03-09,0,0,0,0,9132078
nordeste,RN,2020-03-09,0,0,0,0,3506853
nordeste,PB,2020-03-09,0,0,0,0,4018127
nordeste,PE,2020-03-09,0,0,0,0,9557071
nordeste,AL,2020-03-09,0,1,0,0,3337357
nordeste,SE,2020-03-09,0,0,0,0,2298696
nordeste,BA,2020-03-09,0,2,0,0,14873064
sudeste,MG,2020-03-09,0,1,0,0,21168791
sudeste,ES,2020-03-09,0,1,0,0,4018650
sudeste,RJ,2020-03-09,0,3,0,0,17264943
sudeste,SP,2020-03-09,0,16,0,0,45919049
sul,PR,2020-03-09,0,0,0,0,11433957
sul,SC,2020-03-09,0,0,0,0,7164788
sul,RS,2020-03-09,0,0,0,0,11377239
centro-oeste,MS,2020-03-09,0,0,0,0,2778986
centro-oeste,MT,2020-03-09,0,0,0,0,3484466
centro-oeste,GO,2020-03-09,0,0,0,0,7018354
centro-oeste,DF,2020-03-09,0,1,0,0,3015268
norte,RO,2020-03-08,0,0,0,0,1777225
norte,AC,2020-03-08,0,0,0,0,881935
norte,AM,2020-03-08,0,0,0,0,4144597
norte,RR,2020-03-08,0,0,0,0,605761
norte,PA,2020-03-08,0,0,0,0,8602865
norte,AP,2020-03-08,0,0,0,0,845731
norte,TO,2020-03-08,0,0,0,0,1572866
nordeste,MA,2020-03-08,0,0,0,0,7075181
nordeste,PI,2020-03-08,0,0,0,0,3273227
nordeste,CE,2020-03-08,0,0,0,0,9132078
nordeste,RN,2020-03-08,0,0,0,0,3506853
nordeste,PB,2020-03-08,0,0,0,0,4018127
nordeste,PE,2020-03-08,0,0,0,0,9557071
nordeste,AL,2020-03-08,1,1,0,0,3337357
nordeste,SE,2020-03-08,0,0,0,0,2298696
nordeste,BA,2020-03-08,0,2,0,0,14873064
sudeste,MG,2020-03-08,1,1,0,0,21168791
sudeste,ES,2020-03-08,0,1,0,0,4018650
sudeste,RJ,2020-03-08,1,3,0,0,17264943
sudeste,SP,2020-03-08,3,16,0,0,45919049
sul,PR,2020-03-08,0,0,0,0,11433957
sul,SC,2020-03-08,0,0,0,0,7164788
sul,RS,2020-03-08,0,0,0,0,11377239
centro-oeste,MS,2020-03-08,0,0,0,0,2778986
centro-oeste,MT,2020-03-08,0,0,0,0,3484466
centro-oeste,GO,2020-03-08,0,0,0,0,7018354
centro-oeste,DF,2020-03-08,0,1,0,0,3015268
norte,RO,2020-03-07,0,0,0,0,1777225
norte,AC,2020-03-07,0,0,0,0,881935
norte,AM,2020-03-07,0,0,0,0,4144597
norte,RR,2020-03-07,0,0,0,0,605761
norte,PA,2020-03-07,0,0,0,0,8602865
norte,AP,2020-03-07,0,0,0,0,845731
norte,TO,2020-03-07,0,0,0,0,1572866
nordeste,MA,2020-03-07,0,0,0,0,7075181
nordeste,PI,2020-03-07,0,0,0,0,3273227
nordeste,CE,2020-03-07,0,0,0,0,9132078
nordeste,RN,2020-03-07,0,0,0,0,3506853
nordeste,PB,2020-03-07,0,0,0,0,4018127
nordeste,PE,2020-03-07,0,0,0,0,9557071
nordeste,AL,2020-03-07,0,0,0,0,3337357
nordeste,SE,2020-03-07,0,0,0,0,2298696
nordeste,BA,2020-03-07,1,2,0,0,14873064
sudeste,MG,2020-03-07,0,0,0,0,21168791
sudeste,ES,2020-03-07,0,1,0,0,4018650
sudeste,RJ,2020-03-07,1,2,0,0,17264943
sudeste,SP,2020-03-07,3,13,0,0,45919049
sul,PR,2020-03-07,0,0,0,0,11433957
sul,SC,2020-03-07,0,0,0,0,7164788
sul,RS,2020-03-07,0,0,0,0,11377239
centro-oeste,MS,2020-03-07,0,0,0,0,2778986
centro-oeste,MT,2020-03-07,0,0,0,0,3484466
centro-oeste,GO,2020-03-07,0,0,0,0,7018354
centro-oeste,DF,2020-03-07,1,1,0,0,3015268
norte,RO,2020-03-06,0,0,0,0,1777225
norte,AC,2020-03-06,0,0,0,0,881935
norte,AM,2020-03-06,0,0,0,0,4144597
norte,RR,2020-03-06,0,0,0,0,605761
norte,PA,2020-03-06,0,0,0,0,8602865
norte,AP,2020-03-06,0,0,0,0,845731
norte,TO,2020-03-06,0,0,0,0,1572866
nordeste,MA,2020-03-06,0,0,0,0,7075181
nordeste,PI,2020-03-06,0,0,0,0,3273227
nordeste,CE,2020-03-06,0,0,0,0,9132078
nordeste,RN,2020-03-06,0,0,0,0,3506853
nordeste,PB,2020-03-06,0,0,0,0,4018127
nordeste,PE,2020-03-06,0,0,0,0,9557071
nordeste,AL,2020-03-06,0,0,0,0,3337357
nordeste,SE,2020-03-06,0,0,0,0,2298696
nordeste,BA,2020-03-06,1,1,0,0,14873064
sudeste,MG,2020-03-06,0,0,0,0,21168791
sudeste,ES,2020-03-06,1,1,0,0,4018650
sudeste,RJ,2020-03-06,0,1,0,0,17264943
sudeste,SP,2020-03-06,4,10,0,0,45919049
sul,PR,2020-03-06,0,0,0,0,11433957
sul,SC,2020-03-06,0,0,0,0,7164788
sul,RS,2020-03-06,0,0,0,0,11377239
centro-oeste,MS,2020-03-06,0,0,0,0,2778986
centro-oeste,MT,2020-03-06,0,0,0,0,3484466
centro-oeste,GO,2020-03-06,0,0,0,0,7018354
centro-oeste,DF,2020-03-06,0,0,0,0,3015268
norte,RO,2020-03-05,0,0,0,0,1777225
norte,AC,2020-03-05,0,0,0,0,881935
norte,AM,2020-03-05,0,0,0,0,4144597
norte,RR,2020-03-05,0,0,0,0,605761
norte,PA,2020-03-05,0,0,0,0,8602865
norte,AP,2020-03-05,0,0,0,0,845731
norte,TO,2020-03-05,0,0,0,0,1572866
nordeste,MA,2020-03-05,0,0,0,0,7075181
nordeste,PI,2020-03-05,0,0,0,0,3273227
nordeste,CE,2020-03-05,0,0,0,0,9132078
nordeste,RN,2020-03-05,0,0,0,0,3506853
nordeste,PB,2020-03-05,0,0,0,0,4018127
nordeste,PE,2020-03-05,0,0,0,0,9557071
nordeste,AL,2020-03-05,0,0,0,0,3337357
nordeste,SE,2020-03-05,0,0,0,0,2298696
nordeste,BA,2020-03-05,0,0,0,0,14873064
sudeste,MG,2020-03-05,0,0,0,0,21168791
sudeste,ES,2020-03-05,0,0,0,0,4018650
sudeste,RJ,2020-03-05,1,1,0,0,17264943
sudeste,SP,2020-03-05,3,6,0,0,45919049
sul,PR,2020-03-05,0,0,0,0,11433957
sul,SC,2020-03-05,0,0,0,0,7164788
sul,RS,2020-03-05,0,0,0,0,11377239
centro-oeste,MS,2020-03-05,0,0,0,0,2778986
centro-oeste,MT,2020-03-05,0,0,0,0,3484466
centro-oeste,GO,2020-03-05,0,0,0,0,7018354
centro-oeste,DF,2020-03-05,0,0,0,0,3015268
norte,RO,2020-03-04,0,0,0,0,1777225
norte,AC,2020-03-04,0,0,0,0,881935
norte,AM,2020-03-04,0,0,0,0,4144597
norte,RR,2020-03-04,0,0,0,0,605761
norte,PA,2020-03-04,0,0,0,0,8602865
norte,AP,2020-03-04,0,0,0,0,845731
norte,TO,2020-03-04,0,0,0,0,1572866
nordeste,MA,2020-03-04,0,0,0,0,7075181
nordeste,PI,2020-03-04,0,0,0,0,3273227
nordeste,CE,2020-03-04,0,0,0,0,9132078
nordeste,RN,2020-03-04,0,0,0,0,3506853
nordeste,PB,2020-03-04,0,0,0,0,4018127
nordeste,PE,2020-03-04,0,0,0,0,9557071
nordeste,AL,2020-03-04,0,0,0,0,3337357
nordeste,SE,2020-03-04,0,0,0,0,2298696
nordeste,BA,2020-03-04,0,0,0,0,14873064
sudeste,MG,2020-03-04,0,0,0,0,21168791
sudeste,ES,2020-03-04,0,0,0,0,4018650
sudeste,RJ,2020-03-04,0,0,0,0,17264943
sudeste,SP,2020-03-04,1,3,0,0,45919049
sul,PR,2020-03-04,0,0,0,0,11433957
sul,SC,2020-03-04,0,0,0,0,7164788
sul,RS,2020-03-04,0,0,0,0,11377239
centro-oeste,MS,2020-03-04,0,0,0,0,2778986
centro-oeste,MT,2020-03-04,0,0,0,0,3484466
centro-oeste,GO,2020-03-04,0,0,0,0,7018354
centro-oeste,DF,2020-03-04,0,0,0,0,3015268
norte,RO,2020-03-03,0,0,0,0,1777225
norte,AC,2020-03-03,0,0,0,0,881935
norte,AM,2020-03-03,0,0,0,0,4144597
norte,RR,2020-03-03,0,0,0,0,605761
norte,PA,2020-03-03,0,0,0,0,8602865
norte,AP,2020-03-03,0,0,0,0,845731
norte,TO,2020-03-03,0,0,0,0,1572866
nordeste,MA,2020-03-03,0,0,0,0,7075181
nordeste,PI,2020-03-03,0,0,0,0,3273227
nordeste,CE,2020-03-03,0,0,0,0,9132078
nordeste,RN,2020-03-03,0,0,0,0,3506853
nordeste,PB,2020-03-03,0,0,0,0,4018127
nordeste,PE,2020-03-03,0,0,0,0,9557071
nordeste,AL,2020-03-03,0,0,0,0,3337357
nordeste,SE,2020-03-03,0,0,0,0,2298696
nordeste,BA,2020-03-03,0,0,0,0,14873064
sudeste,MG,2020-03-03,0,0,0,0,21168791
sudeste,ES,2020-03-03,0,0,0,0,4018650
sudeste,RJ,2020-03-03,0,0,0,0,17264943
sudeste,SP,2020-03-03,0,2,0,0,45919049
sul,PR,2020-03-03,0,0,0,0,11433957
sul,SC,2020-03-03,0,0,0,0,7164788
sul,RS,2020-03-03,0,0,0,0,11377239
centro-oeste,MS,2020-03-03,0,0,0,0,2778986
centro-oeste,MT,2020-03-03,0,0,0,0,3484466
centro-oeste,GO,2020-03-03,0,0,0,0,7018354
centro-oeste,DF,2020-03-03,0,0,0,0,3015268
norte,RO,2020-03-02,0,0,0,0,1777225
norte,AC,2020-03-02,0,0,0,0,881935
norte,AM,2020-03-02,0,0,0,0,4144597
norte,RR,2020-03-02,0,0,0,0,605761
norte,PA,2020-03-02,0,0,0,0,8602865
norte,AP,2020-03-02,0,0,0,0,845731
norte,TO,2020-03-02,0,0,0,0,1572866
nordeste,MA,2020-03-02,0,0,0,0,7075181
nordeste,PI,2020-03-02,0,0,0,0,3273227
nordeste,CE,2020-03-02,0,0,0,0,9132078
nordeste,RN,2020-03-02,0,0,0,0,3506853
nordeste,PB,2020-03-02,0,0,0,0,4018127
nordeste,PE,2020-03-02,0,0,0,0,9557071
nordeste,AL,2020-03-02,0,0,0,0,3337357
nordeste,SE,2020-03-02,0,0,0,0,2298696
nordeste,BA,2020-03-02,0,0,0,0,14873064
sudeste,MG,2020-03-02,0,0,0,0,21168791
sudeste,ES,2020-03-02,0,0,0,0,4018650
sudeste,RJ,2020-03-02,0,0,0,0,17264943
sudeste,SP,2020-03-02,0,2,0,0,45919049
sul,PR,2020-03-02,0,0,0,0,11433957
sul,SC,2020-03-02,0,0,0,0,7164788
sul,RS,2020-03-02,0,0,0,0,11377239
centro-oeste,MS,2020-03-02,0,0,0,0,2778986
centro-oeste,MT,2020-03-02,0,0,0,0,3484466
centro-oeste,GO,2020-03-02,0,0,0,0,7018354
centro-oeste,DF,2020-03-02,0,0,0,0,3015268
norte,RO,2020-03-01,0,0,0,0,1777225
norte,AC,2020-03-01,0,0,0,0,881935
norte,AM,2020-03-01,0,0,0,0,4144597
norte,RR,2020-03-01,0,0,0,0,605761
norte,PA,2020-03-01,0,0,0,0,8602865
norte,AP,2020-03-01,0,0,0,0,845731
norte,TO,2020-03-01,0,0,0,0,1572866
nordeste,MA,2020-03-01,0,0,0,0,7075181
nordeste,PI,2020-03-01,0,0,0,0,3273227
nordeste,CE,2020-03-01,0,0,0,0,9132078
nordeste,RN,2020-03-01,0,0,0,0,3506853
nordeste,PB,2020-03-01,0,0,0,0,4018127
nordeste,PE,2020-03-01,0,0,0,0,9557071
nordeste,AL,2020-03-01,0,0,0,0,3337357
nordeste,SE,2020-03-01,0,0,0,0,2298696
nordeste,BA,2020-03-01,0,0,0,0,14873064
sudeste,MG,2020-03-01,0,0,0,0,21168791
sudeste,ES,2020-03-01,0,0,0,0,4018650
sudeste,RJ,2020-03-01,0,0,0,0,17264943
sudeste,SP,2020-03-01,0,2,0,0,45919049
sul,PR,2020-03-01,0,0,0,0,11433957
sul,SC,2020-03-01,0,0,0,0,7164788
sul,RS,2020-03-01,0,0,0,0,11377239
centro-oeste,MS,2020-03-01,0,0,0,0,2778986
centro-oeste,MT,2020-03-01,0,0,0,0,3484466
centro-oeste,GO,2020-03-01,0,0,0,0,7018354
centro-oeste,DF,2020-03-01,0,0,0,0,3015268
norte,RO,2020-02-29,0,0,0,0,1777225
norte,AC,2020-02-29,0,0,0,0,881935
norte,AM,2020-02-29,0,0,0,0,4144597
norte,RR,2020-02-29,0,0,0,0,605761
norte,PA,2020-02-29,0,0,0,0,8602865
norte,AP,2020-02-29,0,0,0,0,845731
norte,TO,2020-02-29,0,0,0,0,1572866
nordeste,MA,2020-02-29,0,0,0,0,7075181
nordeste,PI,2020-02-29,0,0,0,0,3273227
nordeste,CE,2020-02-29,0,0,0,0,9132078
nordeste,RN,2020-02-29,0,0,0,0,3506853
nordeste,PB,2020-02-29,0,0,0,0,4018127
nordeste,PE,2020-02-29,0,0,0,0,9557071
nordeste,AL,2020-02-29,0,0,0,0,3337357
nordeste,SE,2020-02-29,0,0,0,0,2298696
nordeste,BA,2020-02-29,0,0,0,0,14873064
sudeste,MG,2020-02-29,0,0,0,0,21168791
sudeste,ES,2020-02-29,0,0,0,0,4018650
sudeste,RJ,2020-02-29,0,0,0,0,17264943
sudeste,SP,2020-02-29,1,2,0,0,45919049
sul,PR,2020-02-29,0,0,0,0,11433957
sul,SC,2020-02-29,0,0,0,0,7164788
sul,RS,2020-02-29,0,0,0,0,11377239
centro-oeste,MS,2020-02-29,0,0,0,0,2778986
centro-oeste,MT,2020-02-29,0,0,0,0,3484466
centro-oeste,GO,2020-02-29,0,0,0,0,7018354
centro-oeste,DF,2020-02-29,0,0,0,0,3015268
norte,RO,2020-02-28,0,0,0,0,1777225
norte,AC,2020-02-28,0,0,0,0,881935
norte,AM,2020-02-28,0,0,0,0,4144597
norte,RR,2020-02-28,0,0,0,0,605761
norte,PA,2020-02-28,0,0,0,0,8602865
norte,AP,2020-02-28,0,0,0,0,845731
norte,TO,2020-02-28,0,0,0,0,1572866
nordeste,MA,2020-02-28,0,0,0,0,7075181
nordeste,PI,2020-02-28,0,0,0,0,3273227
nordeste,CE,2020-02-28,0,0,0,0,9132078
nordeste,RN,2020-02-28,0,0,0,0,3506853
nordeste,PB,2020-02-28,0,0,0,0,4018127
nordeste,PE,2020-02-28,0,0,0,0,9557071
nordeste,AL,2020-02-28,0,0,0,0,3337357
nordeste,SE,2020-02-28,0,0,0,0,2298696
nordeste,BA,2020-02-28,0,0,0,0,14873064
sudeste,MG,2020-02-28,0,0,0,0,21168791
sudeste,ES,2020-02-28,0,0,0,0,4018650
sudeste,RJ,2020-02-28,0,0,0,0,17264943
sudeste,SP,2020-02-28,0,1,0,0,45919049
sul,PR,2020-02-28,0,0,0,0,11433957
sul,SC,2020-02-28,0,0,0,0,7164788
sul,RS,2020-02-28,0,0,0,0,11377239
centro-oeste,MS,2020-02-28,0,0,0,0,2778986
centro-oeste,MT,2020-02-28,0,0,0,0,3484466
centro-oeste,GO,2020-02-28,0,0,0,0,7018354
centro-oeste,DF,2020-02-28,0,0,0,0,3015268
norte,RO,2020-02-27,0,0,0,0,1777225
norte,AC,2020-02-27,0,0,0,0,881935
norte,AM,2020-02-27,0,0,0,0,4144597
norte,RR,2020-02-27,0,0,0,0,605761
norte,PA,2020-02-27,0,0,0,0,8602865
norte,AP,2020-02-27,0,0,0,0,845731
norte,TO,2020-02-27,0,0,0,0,1572866
nordeste,MA,2020-02-27,0,0,0,0,7075181
nordeste,PI,2020-02-27,0,0,0,0,3273227
nordeste,CE,2020-02-27,0,0,0,0,9132078
nordeste,RN,2020-02-27,0,0,0,0,3506853
nordeste,PB,2020-02-27,0,0,0,0,4018127
nordeste,PE,2020-02-27,0,0,0,0,9557071
nordeste,AL,2020-02-27,0,0,0,0,3337357
nordeste,SE,2020-02-27,0,0,0,0,2298696
nordeste,BA,2020-02-27,0,0,0,0,14873064
sudeste,MG,2020-02-27,0,0,0,0,21168791
sudeste,ES,2020-02-27,0,0,0,0,4018650
sudeste,RJ,2020-02-27,0,0,0,0,17264943
sudeste,SP,2020-02-27,0,1,0,0,45919049
sul,PR,2020-02-27,0,0,0,0,11433957
sul,SC,2020-02-27,0,0,0,0,7164788
sul,RS,2020-02-27,0,0,0,0,11377239
centro-oeste,MS,2020-02-27,0,0,0,0,2778986
centro-oeste,MT,2020-02-27,0,0,0,0,3484466
centro-oeste,GO,2020-02-27,0,0,0,0,7018354
centro-oeste,DF,2020-02-27,0,0,0,0,3015268
norte,RO,2020-02-26,0,0,0,0,1777225
norte,AC,2020-02-26,0,0,0,0,881935
norte,AM,2020-02-26,0,0,0,0,4144597
norte,RR,2020-02-26,0,0,0,0,605761
norte,PA,2020-02-26,0,0,0,0,8602865
norte,AP,2020-02-26,0,0,0,0,845731
norte,TO,2020-02-26,0,0,0,0,1572866
nordeste,MA,2020-02-26,0,0,0,0,7075181
nordeste,PI,2020-02-26,0,0,0,0,3273227
nordeste,CE,2020-02-26,0,0,0,0,9132078
nordeste,RN,2020-02-26,0,0,0,0,3506853
nordeste,PB,2020-02-26,0,0,0,0,4018127
nordeste,PE,2020-02-26,0,0,0,0,9557071
nordeste,AL,2020-02-26,0,0,0,0,3337357
nordeste,SE,2020-02-26,0,0,0,0,2298696
nordeste,BA,2020-02-26,0,0,0,0,14873064
sudeste,MG,2020-02-26,0,0,0,0,21168791
sudeste,ES,2020-02-26,0,0,0,0,4018650
sudeste,RJ,2020-02-26,0,0,0,0,17264943
sudeste,SP,2020-02-26,1,1,0,0,45919049
sul,PR,2020-02-26,0,0,0,0,11433957
sul,SC,2020-02-26,0,0,0,0,7164788
sul,RS,2020-02-26,0,0,0,0,11377239
centro-oeste,MS,2020-02-26,0,0,0,0,2778986
centro-oeste,MT,2020-02-26,0,0,0,0,3484466
centro-oeste,GO,2020-02-26,0,0,0,0,7018354
centro-oeste,DF,2020-02-26,0,0,0,0,3015268
norte,RO,2020-02-25,0,0,0,0,1777225
norte,AC,2020-02-25,0,0,0,0,881935
norte,AM,2020-02-25,0,0,0,0,4144597
norte,RR,2020-02-25,0,0,0,0,605761
norte,PA,2020-02-25,0,0,0,0,8602865
norte,AP,2020-02-25,0,0,0,0,845731
norte,TO,2020-02-25,0,0,0,0,1572866
nordeste,MA,2020-02-25,0,0,0,0,7075181
nordeste,PI,2020-02-25,0,0,0,0,3273227
nordeste,CE,2020-02-25,0,0,0,0,9132078
nordeste,RN,2020-02-25,0,0,0,0,3506853
nordeste,PB,2020-02-25,0,0,0,0,4018127
nordeste,PE,2020-02-25,0,0,0,0,9557071
nordeste,AL,2020-02-25,0,0,0,0,3337357
nordeste,SE,2020-02-25,0,0,0,0,2298696
nordeste,BA,2020-02-25,0,0,0,0,14873064
sudeste,MG,2020-02-25,0,0,0,0,21168791
sudeste,ES,2020-02-25,0,0,0,0,4018650
sudeste,RJ,2020-02-25,0,0,0,0,17264943
sudeste,SP,2020-02-25,0,0,0,0,45919049
sul,PR,2020-02-25,0,0,0,0,11433957
sul,SC,2020-02-25,0,0,0,0,7164788
sul,RS,2020-02-25,0,0,0,0,11377239
centro-oeste,MS,2020-02-25,0,0,0,0,2778986
centro-oeste,MT,2020-02-25,0,0,0,0,3484466
centro-oeste,GO,2020-02-25,0,0,0,0,7018354
centro-oeste,DF,2020-02-25,0,0,0,0,3015268
norte,RO,2020-02-24,0,0,0,0,1777225
norte,AC,2020-02-24,0,0,0,0,881935
norte,AM,2020-02-24,0,0,0,0,4144597
norte,RR,2020-02-24,0,0,0,0,605761
norte,PA,2020-02-24,0,0,0,0,8602865
norte,AP,2020-02-24,0,0,0,0,845731
norte,TO,2020-02-24,0,0,0,0,1572866
nordeste,MA,2020-02-24,0,0,0,0,7075181
nordeste,PI,2020-02-24,0,0,0,0,3273227
nordeste,CE,2020-02-24,0,0,0,0,9132078
nordeste,RN,2020-02-24,0,0,0,0,3506853
nordeste,PB,2020-02-24,0,0,0,0,4018127
nordeste,PE,2020-02-24,0,0,0,0,9557071
nordeste,AL,2020-02-24,0,0,0,0,3337357
nordeste,SE,2020-02-24,0,0,0,0,2298696
nordeste,BA,2020-02-24,0,0,0,0,14873064
sudeste,MG,2020-02-24,0,0,0,0,21168791
sudeste,ES,2020-02-24,0,0,0,0,4018650
sudeste,RJ,2020-02-24,0,0,0,0,17264943
sudeste,SP,2020-02-24,0,0,0,0,45919049
sul,PR,2020-02-24,0,0,0,0,11433957
sul,SC,2020-02-24,0,0,0,0,7164788
sul,RS,2020-02-24,0,0,0,0,11377239
centro-oeste,MS,2020-02-24,0,0,0,0,2778986
centro-oeste,MT,2020-02-24,0,0,0,0,3484466
centro-oeste,GO,2020-02-24,0,0,0,0,7018354
centro-oeste,DF,2020-02-24,0,0,0,0,3015268
norte,RO,2020-02-23,0,0,0,0,1777225
norte,AC,2020-02-23,0,0,0,0,881935
norte,AM,2020-02-23,0,0,0,0,4144597
norte,RR,2020-02-23,0,0,0,0,605761
norte,PA,2020-02-23,0,0,0,0,8602865
norte,AP,2020-02-23,0,0,0,0,845731
norte,TO,2020-02-23,0,0,0,0,1572866
nordeste,MA,2020-02-23,0,0,0,0,7075181
nordeste,PI,2020-02-23,0,0,0,0,3273227
nordeste,CE,2020-02-23,0,0,0,0,9132078
nordeste,RN,2020-02-23,0,0,0,0,3506853
nordeste,PB,2020-02-23,0,0,0,0,4018127
nordeste,PE,2020-02-23,0,0,0,0,9557071
nordeste,AL,2020-02-23,0,0,0,0,3337357
nordeste,SE,2020-02-23,0,0,0,0,2298696
nordeste,BA,2020-02-23,0,0,0,0,14873064
sudeste,MG,2020-02-23,0,0,0,0,21168791
sudeste,ES,2020-02-23,0,0,0,0,4018650
sudeste,RJ,2020-02-23,0,0,0,0,17264943
sudeste,SP,2020-02-23,0,0,0,0,45919049
sul,PR,2020-02-23,0,0,0,0,11433957
sul,SC,2020-02-23,0,0,0,0,7164788
sul,RS,2020-02-23,0,0,0,0,11377239
centro-oeste,MS,2020-02-23,0,0,0,0,2778986
centro-oeste,MT,2020-02-23,0,0,0,0,3484466
centro-oeste,GO,2020-02-23,0,0,0,0,7018354
centro-oeste,DF,2020-02-23,0,0,0,0,3015268
norte,RO,2020-02-22,0,0,0,0,1777225
norte,AC,2020-02-22,0,0,0,0,881935
norte,AM,2020-02-22,0,0,0,0,4144597
norte,RR,2020-02-22,0,0,0,0,605761
norte,PA,2020-02-22,0,0,0,0,8602865
norte,AP,2020-02-22,0,0,0,0,845731
norte,TO,2020-02-22,0,0,0,0,1572866
nordeste,MA,2020-02-22,0,0,0,0,7075181
nordeste,PI,2020-02-22,0,0,0,0,3273227
nordeste,CE,2020-02-22,0,0,0,0,9132078
nordeste,RN,2020-02-22,0,0,0,0,3506853
nordeste,PB,2020-02-22,0,0,0,0,4018127
nordeste,PE,2020-02-22,0,0,0,0,9557071
nordeste,AL,2020-02-22,0,0,0,0,3337357
nordeste,SE,2020-02-22,0,0,0,0,2298696
nordeste,BA,2020-02-22,0,0,0,0,14873064
sudeste,MG,2020-02-22,0,0,0,0,21168791
sudeste,ES,2020-02-22,0,0,0,0,4018650
sudeste,RJ,2020-02-22,0,0,0,0,17264943
sudeste,SP,2020-02-22,0,0,0,0,45919049
sul,PR,2020-02-22,0,0,0,0,11433957
sul,SC,2020-02-22,0,0,0,0,7164788
sul,RS,2020-02-22,0,0,0,0,11377239
centro-oeste,MS,2020-02-22,0,0,0,0,2778986
centro-oeste,MT,2020-02-22,0,0,0,0,3484466
centro-oeste,GO,2020-02-22,0,0,0,0,7018354
centro-oeste,DF,2020-02-22,0,0,0,0,3015268
norte,RO,2020-02-21,0,0,0,0,1777225
norte,AC,2020-02-21,0,0,0,0,881935
norte,AM,2020-02-21,0,0,0,0,4144597
norte,RR,2020-02-21,0,0,0,0,605761
norte,PA,2020-02-21,0,0,0,0,8602865
norte,AP,2020-02-21,0,0,0,0,845731
norte,TO,2020-02-21,0,0,0,0,1572866
nordeste,MA,2020-02-21,0,0,0,0,7075181
nordeste,PI,2020-02-21,0,0,0,0,3273227
nordeste,CE,2020-02-21,0,0,0,0,9132078
nordeste,RN,2020-02-21,0,0,0,0,3506853
nordeste,PB,2020-02-21,0,0,0,0,4018127
nordeste,PE,2020-02-21,0,0,0,0,9557071
nordeste,AL,2020-02-21,0,0,0,0,3337357
nordeste,SE,2020-02-21,0,0,0,0,2298696
nordeste,BA,2020-02-21,0,0,0,0,14873064
sudeste,MG,2020-02-21,0,0,0,0,21168791
sudeste,ES,2020-02-21,0,0,0,0,4018650
sudeste,RJ,2020-02-21,0,0,0,0,17264943
sudeste,SP,2020-02-21,0,0,0,0,45919049
sul,PR,2020-02-21,0,0,0,0,11433957
sul,SC,2020-02-21,0,0,0,0,7164788
sul,RS,2020-02-21,0,0,0,0,11377239
centro-oeste,MS,2020-02-21,0,0,0,0,2778986
centro-oeste,MT,2020-02-21,0,0,0,0,3484466
centro-oeste,GO,2020-02-21,0,0,0,0,7018354
centro-oeste,DF,2020-02-21,0,0,0,0,3015268
norte,RO,2020-02-20,0,0,0,0,1777225
norte,AC,2020-02-20,0,0,0,0,881935
norte,AM,2020-02-20,0,0,0,0,4144597
norte,RR,2020-02-20,0,0,0,0,605761
norte,PA,2020-02-20,0,0,0,0,8602865
norte,AP,2020-02-20,0,0,0,0,845731
norte,TO,2020-02-20,0,0,0,0,1572866
nordeste,MA,2020-02-20,0,0,0,0,7075181
nordeste,PI,2020-02-20,0,0,0,0,3273227
nordeste,CE,2020-02-20,0,0,0,0,9132078
nordeste,RN,2020-02-20,0,0,0,0,3506853
nordeste,PB,2020-02-20,0,0,0,0,4018127
nordeste,PE,2020-02-20,0,0,0,0,9557071
nordeste,AL,2020-02-20,0,0,0,0,3337357
nordeste,SE,2020-02-20,0,0,0,0,2298696
nordeste,BA,2020-02-20,0,0,0,0,14873064
sudeste,MG,2020-02-20,0,0,0,0,21168791
sudeste,ES,2020-02-20,0,0,0,0,4018650
sudeste,RJ,2020-02-20,0,0,0,0,17264943
sudeste,SP,2020-02-20,0,0,0,0,45919049
sul,PR,2020-02-20,0,0,0,0,11433957
sul,SC,2020-02-20,0,0,0,0,7164788
sul,RS,2020-02-20,0,0,0,0,11377239
centro-oeste,MS,2020-02-20,0,0,0,0,2778986
centro-oeste,MT,2020-02-20,0,0,0,0,3484466
centro-oeste,GO,2020-02-20,0,0,0,0,7018354
centro-oeste,DF,2020-02-20,0,0,0,0,3015268
norte,RO,2020-02-19,0,0,0,0,1777225
norte,AC,2020-02-19,0,0,0,0,881935
norte,AM,2020-02-19,0,0,0,0,4144597
norte,RR,2020-02-19,0,0,0,0,605761
norte,PA,2020-02-19,0,0,0,0,8602865
norte,AP,2020-02-19,0,0,0,0,845731
norte,TO,2020-02-19,0,0,0,0,1572866
nordeste,MA,2020-02-19,0,0,0,0,7075181
nordeste,PI,2020-02-19,0,0,0,0,3273227
nordeste,CE,2020-02-19,0,0,0,0,9132078
nordeste,RN,2020-02-19,0,0,0,0,3506853
nordeste,PB,2020-02-19,0,0,0,0,4018127
nordeste,PE,2020-02-19,0,0,0,0,9557071
nordeste,AL,2020-02-19,0,0,0,0,3337357
nordeste,SE,2020-02-19,0,0,0,0,2298696
nordeste,BA,2020-02-19,0,0,0,0,14873064
sudeste,MG,2020-02-19,0,0,0,0,21168791
sudeste,ES,2020-02-19,0,0,0,0,4018650
sudeste,RJ,2020-02-19,0,0,0,0,17264943
sudeste,SP,2020-02-19,0,0,0,0,45919049
sul,PR,2020-02-19,0,0,0,0,11433957
sul,SC,2020-02-19,0,0,0,0,7164788
sul,RS,2020-02-19,0,0,0,0,11377239
centro-oeste,MS,2020-02-19,0,0,0,0,2778986
centro-oeste,MT,2020-02-19,0,0,0,0,3484466
centro-oeste,GO,2020-02-19,0,0,0,0,7018354
centro-oeste,DF,2020-02-19,0,0,0,0,3015268
norte,RO,2020-02-18,0,0,0,0,1777225
norte,AC,2020-02-18,0,0,0,0,881935
norte,AM,2020-02-18,0,0,0,0,4144597
norte,RR,2020-02-18,0,0,0,0,605761
norte,PA,2020-02-18,0,0,0,0,8602865
norte,AP,2020-02-18,0,0,0,0,845731
norte,TO,2020-02-18,0,0,0,0,1572866
nordeste,MA,2020-02-18,0,0,0,0,7075181
nordeste,PI,2020-02-18,0,0,0,0,3273227
nordeste,CE,2020-02-18,0,0,0,0,9132078
nordeste,RN,2020-02-18,0,0,0,0,3506853
nordeste,PB,2020-02-18,0,0,0,0,4018127
nordeste,PE,2020-02-18,0,0,0,0,9557071
nordeste,AL,2020-02-18,0,0,0,0,3337357
nordeste,SE,2020-02-18,0,0,0,0,2298696
nordeste,BA,2020-02-18,0,0,0,0,14873064
sudeste,MG,2020-02-18,0,0,0,0,21168791
sudeste,ES,2020-02-18,0,0,0,0,4018650
sudeste,RJ,2020-02-18,0,0,0,0,17264943
sudeste,SP,2020-02-18,0,0,0,0,45919049
sul,PR,2020-02-18,0,0,0,0,11433957
sul,SC,2020-02-18,0,0,0,0,7164788
sul,RS,2020-02-18,0,0,0,0,11377239
centro-oeste,MS,2020-02-18,0,0,0,0,2778986
centro-oeste,MT,2020-02-18,0,0,0,0,3484466
centro-oeste,GO,2020-02-18,0,0,0,0,7018354
centro-oeste,DF,2020-02-18,0,0,0,0,3015268
norte,RO,2020-02-17,0,0,0,0,1777225
norte,AC,2020-02-17,0,0,0,0,881935
norte,AM,2020-02-17,0,0,0,0,4144597
norte,RR,2020-02-17,0,0,0,0,605761
norte,PA,2020-02-17,0,0,0,0,8602865
norte,AP,2020-02-17,0,0,0,0,845731
norte,TO,2020-02-17,0,0,0,0,1572866
nordeste,MA,2020-02-17,0,0,0,0,7075181
nordeste,PI,2020-02-17,0,0,0,0,3273227
nordeste,CE,2020-02-17,0,0,0,0,9132078
nordeste,RN,2020-02-17,0,0,0,0,3506853
nordeste,PB,2020-02-17,0,0,0,0,4018127
nordeste,PE,2020-02-17,0,0,0,0,9557071
nordeste,AL,2020-02-17,0,0,0,0,3337357
nordeste,SE,2020-02-17,0,0,0,0,2298696
nordeste,BA,2020-02-17,0,0,0,0,14873064
sudeste,MG,2020-02-17,0,0,0,0,21168791
sudeste,ES,2020-02-17,0,0,0,0,4018650
sudeste,RJ,2020-02-17,0,0,0,0,17264943
sudeste,SP,2020-02-17,0,0,0,0,45919049
sul,PR,2020-02-17,0,0,0,0,11433957
sul,SC,2020-02-17,0,0,0,0,7164788
sul,RS,2020-02-17,0,0,0,0,11377239
centro-oeste,MS,2020-02-17,0,0,0,0,2778986
centro-oeste,MT,2020-02-17,0,0,0,0,3484466
centro-oeste,GO,2020-02-17,0,0,0,0,7018354
centro-oeste,DF,2020-02-17,0,0,0,0,3015268
norte,RO,2020-02-16,0,0,0,0,1777225
norte,AC,2020-02-16,0,0,0,0,881935
norte,AM,2020-02-16,0,0,0,0,4144597
norte,RR,2020-02-16,0,0,0,0,605761
norte,PA,2020-02-16,0,0,0,0,8602865
norte,AP,2020-02-16,0,0,0,0,845731
norte,TO,2020-02-16,0,0,0,0,1572866
nordeste,MA,2020-02-16,0,0,0,0,7075181
nordeste,PI,2020-02-16,0,0,0,0,3273227
nordeste,CE,2020-02-16,0,0,0,0,9132078
nordeste,RN,2020-02-16,0,0,0,0,3506853
nordeste,PB,2020-02-16,0,0,0,0,4018127
nordeste,PE,2020-02-16,0,0,0,0,9557071
nordeste,AL,2020-02-16,0,0,0,0,3337357
nordeste,SE,2020-02-16,0,0,0,0,2298696
nordeste,BA,2020-02-16,0,0,0,0,14873064
sudeste,MG,2020-02-16,0,0,0,0,21168791
sudeste,ES,2020-02-16,0,0,0,0,4018650
sudeste,RJ,2020-02-16,0,0,0,0,17264943
sudeste,SP,2020-02-16,0,0,0,0,45919049
sul,PR,2020-02-16,0,0,0,0,11433957
sul,SC,2020-02-16,0,0,0,0,7164788
sul,RS,2020-02-16,0,0,0,0,11377239
centro-oeste,MS,2020-02-16,0,0,0,0,2778986
centro-oeste,MT,2020-02-16,0,0,0,0,3484466
centro-oeste,GO,2020-02-16,0,0,0,0,7018354
centro-oeste,DF,2020-02-16,0,0,0,0,3015268
norte,RO,2020-02-15,0,0,0,0,1777225
norte,AC,2020-02-15,0,0,0,0,881935
norte,AM,2020-02-15,0,0,0,0,4144597
norte,RR,2020-02-15,0,0,0,0,605761
norte,PA,2020-02-15,0,0,0,0,8602865
norte,AP,2020-02-15,0,0,0,0,845731
norte,TO,2020-02-15,0,0,0,0,1572866
nordeste,MA,2020-02-15,0,0,0,0,7075181
nordeste,PI,2020-02-15,0,0,0,0,3273227
nordeste,CE,2020-02-15,0,0,0,0,9132078
nordeste,RN,2020-02-15,0,0,0,0,3506853
nordeste,PB,2020-02-15,0,0,0,0,4018127
nordeste,PE,2020-02-15,0,0,0,0,9557071
nordeste,AL,2020-02-15,0,0,0,0,3337357
nordeste,SE,2020-02-15,0,0,0,0,2298696
nordeste,BA,2020-02-15,0,0,0,0,14873064
sudeste,MG,2020-02-15,0,0,0,0,21168791
sudeste,ES,2020-02-15,0,0,0,0,4018650
sudeste,RJ,2020-02-15,0,0,0,0,17264943
sudeste,SP,2020-02-15,0,0,0,0,45919049
sul,PR,2020-02-15,0,0,0,0,11433957
sul,SC,2020-02-15,0,0,0,0,7164788
sul,RS,2020-02-15,0,0,0,0,11377239
centro-oeste,MS,2020-02-15,0,0,0,0,2778986
centro-oeste,MT,2020-02-15,0,0,0,0,3484466
centro-oeste,GO,2020-02-15,0,0,0,0,7018354
centro-oeste,DF,2020-02-15,0,0,0,0,3015268
norte,RO,2020-02-14,0,0,0,0,1777225
norte,AC,2020-02-14,0,0,0,0,881935
norte,AM,2020-02-14,0,0,0,0,4144597
norte,RR,2020-02-14,0,0,0,0,605761
norte,PA,2020-02-14,0,0,0,0,8602865
norte,AP,2020-02-14,0,0,0,0,845731
norte,TO,2020-02-14,0,0,0,0,1572866
nordeste,MA,2020-02-14,0,0,0,0,7075181
nordeste,PI,2020-02-14,0,0,0,0,3273227
nordeste,CE,2020-02-14,0,0,0,0,9132078
nordeste,RN,2020-02-14,0,0,0,0,3506853
nordeste,PB,2020-02-14,0,0,0,0,4018127
nordeste,PE,2020-02-14,0,0,0,0,9557071
nordeste,AL,2020-02-14,0,0,0,0,3337357
nordeste,SE,2020-02-14,0,0,0,0,2298696
nordeste,BA,2020-02-14,0,0,0,0,14873064
sudeste,MG,2020-02-14,0,0,0,0,21168791
sudeste,ES,2020-02-14,0,0,0,0,4018650
sudeste,RJ,2020-02-14,0,0,0,0,17264943
sudeste,SP,2020-02-14,0,0,0,0,45919049
sul,PR,2020-02-14,0,0,0,0,11433957
sul,SC,2020-02-14,0,0,0,0,7164788
sul,RS,2020-02-14,0,0,0,0,11377239
centro-oeste,MS,2020-02-14,0,0,0,0,2778986
centro-oeste,MT,2020-02-14,0,0,0,0,3484466
centro-oeste,GO,2020-02-14,0,0,0,0,7018354
centro-oeste,DF,2020-02-14,0,0,0,0,3015268
norte,RO,2020-02-13,0,0,0,0,1777225
norte,AC,2020-02-13,0,0,0,0,881935
norte,AM,2020-02-13,0,0,0,0,4144597
norte,RR,2020-02-13,0,0,0,0,605761
norte,PA,2020-02-13,0,0,0,0,8602865
norte,AP,2020-02-13,0,0,0,0,845731
norte,TO,2020-02-13,0,0,0,0,1572866
nordeste,MA,2020-02-13,0,0,0,0,7075181
nordeste,PI,2020-02-13,0,0,0,0,3273227
nordeste,CE,2020-02-13,0,0,0,0,9132078
nordeste,RN,2020-02-13,0,0,0,0,3506853
nordeste,PB,2020-02-13,0,0,0,0,4018127
nordeste,PE,2020-02-13,0,0,0,0,9557071
nordeste,AL,2020-02-13,0,0,0,0,3337357
nordeste,SE,2020-02-13,0,0,0,0,2298696
nordeste,BA,2020-02-13,0,0,0,0,14873064
sudeste,MG,2020-02-13,0,0,0,0,21168791
sudeste,ES,2020-02-13,0,0,0,0,4018650
sudeste,RJ,2020-02-13,0,0,0,0,17264943
sudeste,SP,2020-02-13,0,0,0,0,45919049
sul,PR,2020-02-13,0,0,0,0,11433957
sul,SC,2020-02-13,0,0,0,0,7164788
sul,RS,2020-02-13,0,0,0,0,11377239
centro-oeste,MS,2020-02-13,0,0,0,0,2778986
centro-oeste,MT,2020-02-13,0,0,0,0,3484466
centro-oeste,GO,2020-02-13,0,0,0,0,7018354
centro-oeste,DF,2020-02-13,0,0,0,0,3015268
norte,RO,2020-02-12,0,0,0,0,1777225
norte,AC,2020-02-12,0,0,0,0,881935
norte,AM,2020-02-12,0,0,0,0,4144597
norte,RR,2020-02-12,0,0,0,0,605761
norte,PA,2020-02-12,0,0,0,0,8602865
norte,AP,2020-02-12,0,0,0,0,845731
norte,TO,2020-02-12,0,0,0,0,1572866
nordeste,MA,2020-02-12,0,0,0,0,7075181
nordeste,PI,2020-02-12,0,0,0,0,3273227
nordeste,CE,2020-02-12,0,0,0,0,9132078
nordeste,RN,2020-02-12,0,0,0,0,3506853
nordeste,PB,2020-02-12,0,0,0,0,4018127
nordeste,PE,2020-02-12,0,0,0,0,9557071
nordeste,AL,2020-02-12,0,0,0,0,3337357
nordeste,SE,2020-02-12,0,0,0,0,2298696
nordeste,BA,2020-02-12,0,0,0,0,14873064
sudeste,MG,2020-02-12,0,0,0,0,21168791
sudeste,ES,2020-02-12,0,0,0,0,4018650
sudeste,RJ,2020-02-12,0,0,0,0,17264943
sudeste,SP,2020-02-12,0,0,0,0,45919049
sul,PR,2020-02-12,0,0,0,0,11433957
sul,SC,2020-02-12,0,0,0,0,7164788
sul,RS,2020-02-12,0,0,0,0,11377239
centro-oeste,MS,2020-02-12,0,0,0,0,2778986
centro-oeste,MT,2020-02-12,0,0,0,0,3484466
centro-oeste,GO,2020-02-12,0,0,0,0,7018354
centro-oeste,DF,2020-02-12,0,0,0,0,3015268
norte,RO,2020-02-11,0,0,0,0,1777225
norte,AC,2020-02-11,0,0,0,0,881935
norte,AM,2020-02-11,0,0,0,0,4144597
norte,RR,2020-02-11,0,0,0,0,605761
norte,PA,2020-02-11,0,0,0,0,8602865
norte,AP,2020-02-11,0,0,0,0,845731
norte,TO,2020-02-11,0,0,0,0,1572866
nordeste,MA,2020-02-11,0,0,0,0,7075181
nordeste,PI,2020-02-11,0,0,0,0,3273227
nordeste,CE,2020-02-11,0,0,0,0,9132078
nordeste,RN,2020-02-11,0,0,0,0,3506853
nordeste,PB,2020-02-11,0,0,0,0,4018127
nordeste,PE,2020-02-11,0,0,0,0,9557071
nordeste,AL,2020-02-11,0,0,0,0,3337357
nordeste,SE,2020-02-11,0,0,0,0,2298696
nordeste,BA,2020-02-11,0,0,0,0,14873064
sudeste,MG,2020-02-11,0,0,0,0,21168791
sudeste,ES,2020-02-11,0,0,0,0,4018650
sudeste,RJ,2020-02-11,0,0,0,0,17264943
sudeste,SP,2020-02-11,0,0,0,0,45919049
sul,PR,2020-02-11,0,0,0,0,11433957
sul,SC,2020-02-11,0,0,0,0,7164788
sul,RS,2020-02-11,0,0,0,0,11377239
centro-oeste,MS,2020-02-11,0,0,0,0,2778986
centro-oeste,MT,2020-02-11,0,0,0,0,3484466
centro-oeste,GO,2020-02-11,0,0,0,0,7018354
centro-oeste,DF,2020-02-11,0,0,0,0,3015268
norte,RO,2020-02-10,0,0,0,0,1777225
norte,AC,2020-02-10,0,0,0,0,881935
norte,AM,2020-02-10,0,0,0,0,4144597
norte,RR,2020-02-10,0,0,0,0,605761
norte,PA,2020-02-10,0,0,0,0,8602865
norte,AP,2020-02-10,0,0,0,0,845731
norte,TO,2020-02-10,0,0,0,0,1572866
nordeste,MA,2020-02-10,0,0,0,0,7075181
nordeste,PI,2020-02-10,0,0,0,0,3273227
nordeste,CE,2020-02-10,0,0,0,0,9132078
nordeste,RN,2020-02-10,0,0,0,0,3506853
nordeste,PB,2020-02-10,0,0,0,0,4018127
nordeste,PE,2020-02-10,0,0,0,0,9557071
nordeste,AL,2020-02-10,0,0,0,0,3337357
nordeste,SE,2020-02-10,0,0,0,0,2298696
nordeste,BA,2020-02-10,0,0,0,0,14873064
sudeste,MG,2020-02-10,0,0,0,0,21168791
sudeste,ES,2020-02-10,0,0,0,0,4018650
sudeste,RJ,2020-02-10,0,0,0,0,17264943
sudeste,SP,2020-02-10,0,0,0,0,45919049
sul,PR,2020-02-10,0,0,0,0,11433957
sul,SC,2020-02-10,0,0,0,0,7164788
sul,RS,2020-02-10,0,0,0,0,11377239
centro-oeste,MS,2020-02-10,0,0,0,0,2778986
centro-oeste,MT,2020-02-10,0,0,0,0,3484466
centro-oeste,GO,2020-02-10,0,0,0,0,7018354
centro-oeste,DF,2020-02-10,0,0,0,0,3015268
norte,RO,2020-02-09,0,0,0,0,1777225
norte,AC,2020-02-09,0,0,0,0,881935
norte,AM,2020-02-09,0,0,0,0,4144597
norte,RR,2020-02-09,0,0,0,0,605761
norte,PA,2020-02-09,0,0,0,0,8602865
norte,AP,2020-02-09,0,0,0,0,845731
norte,TO,2020-02-09,0,0,0,0,1572866
nordeste,MA,2020-02-09,0,0,0,0,7075181
nordeste,PI,2020-02-09,0,0,0,0,3273227
nordeste,CE,2020-02-09,0,0,0,0,9132078
nordeste,RN,2020-02-09,0,0,0,0,3506853
nordeste,PB,2020-02-09,0,0,0,0,4018127
nordeste,PE,2020-02-09,0,0,0,0,9557071
nordeste,AL,2020-02-09,0,0,0,0,3337357
nordeste,SE,2020-02-09,0,0,0,0,2298696
nordeste,BA,2020-02-09,0,0,0,0,14873064
sudeste,MG,2020-02-09,0,0,0,0,21168791
sudeste,ES,2020-02-09,0,0,0,0,4018650
sudeste,RJ,2020-02-09,0,0,0,0,17264943
sudeste,SP,2020-02-09,0,0,0,0,45919049
sul,PR,2020-02-09,0,0,0,0,11433957
sul,SC,2020-02-09,0,0,0,0,7164788
sul,RS,2020-02-09,0,0,0,0,11377239
centro-oeste,MS,2020-02-09,0,0,0,0,2778986
centro-oeste,MT,2020-02-09,0,0,0,0,3484466
centro-oeste,GO,2020-02-09,0,0,0,0,7018354
centro-oeste,DF,2020-02-09,0,0,0,0,3015268
norte,RO,2020-02-08,0,0,0,0,1777225
norte,AC,2020-02-08,0,0,0,0,881935
norte,AM,2020-02-08,0,0,0,0,4144597
norte,RR,2020-02-08,0,0,0,0,605761
norte,PA,2020-02-08,0,0,0,0,8602865
norte,AP,2020-02-08,0,0,0,0,845731
norte,TO,2020-02-08,0,0,0,0,1572866
nordeste,MA,2020-02-08,0,0,0,0,7075181
nordeste,PI,2020-02-08,0,0,0,0,3273227
nordeste,CE,2020-02-08,0,0,0,0,9132078
nordeste,RN,2020-02-08,0,0,0,0,3506853
nordeste,PB,2020-02-08,0,0,0,0,4018127
nordeste,PE,2020-02-08,0,0,0,0,9557071
nordeste,AL,2020-02-08,0,0,0,0,3337357
nordeste,SE,2020-02-08,0,0,0,0,2298696
nordeste,BA,2020-02-08,0,0,0,0,14873064
sudeste,MG,2020-02-08,0,0,0,0,21168791
sudeste,ES,2020-02-08,0,0,0,0,4018650
sudeste,RJ,2020-02-08,0,0,0,0,17264943
sudeste,SP,2020-02-08,0,0,0,0,45919049
sul,PR,2020-02-08,0,0,0,0,11433957
sul,SC,2020-02-08,0,0,0,0,7164788
sul,RS,2020-02-08,0,0,0,0,11377239
centro-oeste,MS,2020-02-08,0,0,0,0,2778986
centro-oeste,MT,2020-02-08,0,0,0,0,3484466
centro-oeste,GO,2020-02-08,0,0,0,0,7018354
centro-oeste,DF,2020-02-08,0,0,0,0,3015268
norte,RO,2020-02-07,0,0,0,0,1777225
norte,AC,2020-02-07,0,0,0,0,881935
norte,AM,2020-02-07,0,0,0,0,4144597
norte,RR,2020-02-07,0,0,0,0,605761
norte,PA,2020-02-07,0,0,0,0,8602865
norte,AP,2020-02-07,0,0,0,0,845731
norte,TO,2020-02-07,0,0,0,0,1572866
nordeste,MA,2020-02-07,0,0,0,0,7075181
nordeste,PI,2020-02-07,0,0,0,0,3273227
nordeste,CE,2020-02-07,0,0,0,0,9132078
nordeste,RN,2020-02-07,0,0,0,0,3506853
nordeste,PB,2020-02-07,0,0,0,0,4018127
nordeste,PE,2020-02-07,0,0,0,0,9557071
nordeste,AL,2020-02-07,0,0,0,0,3337357
nordeste,SE,2020-02-07,0,0,0,0,2298696
nordeste,BA,2020-02-07,0,0,0,0,14873064
sudeste,MG,2020-02-07,0,0,0,0,21168791
sudeste,ES,2020-02-07,0,0,0,0,4018650
sudeste,RJ,2020-02-07,0,0,0,0,17264943
sudeste,SP,2020-02-07,0,0,0,0,45919049
sul,PR,2020-02-07,0,0,0,0,11433957
sul,SC,2020-02-07,0,0,0,0,7164788
sul,RS,2020-02-07,0,0,0,0,11377239
centro-oeste,MS,2020-02-07,0,0,0,0,2778986
centro-oeste,MT,2020-02-07,0,0,0,0,3484466
centro-oeste,GO,2020-02-07,0,0,0,0,7018354
centro-oeste,DF,2020-02-07,0,0,0,0,3015268
norte,RO,2020-02-06,0,0,0,0,1777225
norte,AC,2020-02-06,0,0,0,0,881935
norte,AM,2020-02-06,0,0,0,0,4144597
norte,RR,2020-02-06,0,0,0,0,605761
norte,PA,2020-02-06,0,0,0,0,8602865
norte,AP,2020-02-06,0,0,0,0,845731
norte,TO,2020-02-06,0,0,0,0,1572866
nordeste,MA,2020-02-06,0,0,0,0,7075181
nordeste,PI,2020-02-06,0,0,0,0,3273227
nordeste,CE,2020-02-06,0,0,0,0,9132078
nordeste,RN,2020-02-06,0,0,0,0,3506853
nordeste,PB,2020-02-06,0,0,0,0,4018127
nordeste,PE,2020-02-06,0,0,0,0,9557071
nordeste,AL,2020-02-06,0,0,0,0,3337357
nordeste,SE,2020-02-06,0,0,0,0,2298696
nordeste,BA,2020-02-06,0,0,0,0,14873064
sudeste,MG,2020-02-06,0,0,0,0,21168791
sudeste,ES,2020-02-06,0,0,0,0,4018650
sudeste,RJ,2020-02-06,0,0,0,0,17264943
sudeste,SP,2020-02-06,0,0,0,0,45919049
sul,PR,2020-02-06,0,0,0,0,11433957
sul,SC,2020-02-06,0,0,0,0,7164788
sul,RS,2020-02-06,0,0,0,0,11377239
centro-oeste,MS,2020-02-06,0,0,0,0,2778986
centro-oeste,MT,2020-02-06,0,0,0,0,3484466
centro-oeste,GO,2020-02-06,0,0,0,0,7018354
centro-oeste,DF,2020-02-06,0,0,0,0,3015268
norte,RO,2020-02-05,0,0,0,0,1777225
norte,AC,2020-02-05,0,0,0,0,881935
norte,AM,2020-02-05,0,0,0,0,4144597
norte,RR,2020-02-05,0,0,0,0,605761
norte,PA,2020-02-05,0,0,0,0,8602865
norte,AP,2020-02-05,0,0,0,0,845731
norte,TO,2020-02-05,0,0,0,0,1572866
nordeste,MA,2020-02-05,0,0,0,0,7075181
nordeste,PI,2020-02-05,0,0,0,0,3273227
nordeste,CE,2020-02-05,0,0,0,0,9132078
nordeste,RN,2020-02-05,0,0,0,0,3506853
nordeste,PB,2020-02-05,0,0,0,0,4018127
nordeste,PE,2020-02-05,0,0,0,0,9557071
nordeste,AL,2020-02-05,0,0,0,0,3337357
nordeste,SE,2020-02-05,0,0,0,0,2298696
nordeste,BA,2020-02-05,0,0,0,0,14873064
sudeste,MG,2020-02-05,0,0,0,0,21168791
sudeste,ES,2020-02-05,0,0,0,0,4018650
sudeste,RJ,2020-02-05,0,0,0,0,17264943
sudeste,SP,2020-02-05,0,0,0,0,45919049
sul,PR,2020-02-05,0,0,0,0,11433957
sul,SC,2020-02-05,0,0,0,0,7164788
sul,RS,2020-02-05,0,0,0,0,11377239
centro-oeste,MS,2020-02-05,0,0,0,0,2778986
centro-oeste,MT,2020-02-05,0,0,0,0,3484466
centro-oeste,GO,2020-02-05,0,0,0,0,7018354
centro-oeste,DF,2020-02-05,0,0,0,0,3015268
norte,RO,2020-02-04,0,0,0,0,1777225
norte,AC,2020-02-04,0,0,0,0,881935
norte,AM,2020-02-04,0,0,0,0,4144597
norte,RR,2020-02-04,0,0,0,0,605761
norte,PA,2020-02-04,0,0,0,0,8602865
norte,AP,2020-02-04,0,0,0,0,845731
norte,TO,2020-02-04,0,0,0,0,1572866
nordeste,MA,2020-02-04,0,0,0,0,7075181
nordeste,PI,2020-02-04,0,0,0,0,3273227
nordeste,CE,2020-02-04,0,0,0,0,9132078
nordeste,RN,2020-02-04,0,0,0,0,3506853
nordeste,PB,2020-02-04,0,0,0,0,4018127
nordeste,PE,2020-02-04,0,0,0,0,9557071
nordeste,AL,2020-02-04,0,0,0,0,3337357
nordeste,SE,2020-02-04,0,0,0,0,2298696
nordeste,BA,2020-02-04,0,0,0,0,14873064
sudeste,MG,2020-02-04,0,0,0,0,21168791
sudeste,ES,2020-02-04,0,0,0,0,4018650
sudeste,RJ,2020-02-04,0,0,0,0,17264943
sudeste,SP,2020-02-04,0,0,0,0,45919049
sul,PR,2020-02-04,0,0,0,0,11433957
sul,SC,2020-02-04,0,0,0,0,7164788
sul,RS,2020-02-04,0,0,0,0,11377239
centro-oeste,MS,2020-02-04,0,0,0,0,2778986
centro-oeste,MT,2020-02-04,0,0,0,0,3484466
centro-oeste,GO,2020-02-04,0,0,0,0,7018354
centro-oeste,DF,2020-02-04,0,0,0,0,3015268
norte,RO,2020-02-03,0,0,0,0,1777225
norte,AC,2020-02-03,0,0,0,0,881935
norte,AM,2020-02-03,0,0,0,0,4144597
norte,RR,2020-02-03,0,0,0,0,605761
norte,PA,2020-02-03,0,0,0,0,8602865
norte,AP,2020-02-03,0,0,0,0,845731
norte,TO,2020-02-03,0,0,0,0,1572866
nordeste,MA,2020-02-03,0,0,0,0,7075181
nordeste,PI,2020-02-03,0,0,0,0,3273227
nordeste,CE,2020-02-03,0,0,0,0,9132078
nordeste,RN,2020-02-03,0,0,0,0,3506853
nordeste,PB,2020-02-03,0,0,0,0,4018127
nordeste,PE,2020-02-03,0,0,0,0,9557071
nordeste,AL,2020-02-03,0,0,0,0,3337357
nordeste,SE,2020-02-03,0,0,0,0,2298696
nordeste,BA,2020-02-03,0,0,0,0,14873064
sudeste,MG,2020-02-03,0,0,0,0,21168791
sudeste,ES,2020-02-03,0,0,0,0,4018650
sudeste,RJ,2020-02-03,0,0,0,0,17264943
sudeste,SP,2020-02-03,0,0,0,0,45919049
sul,PR,2020-02-03,0,0,0,0,11433957
sul,SC,2020-02-03,0,0,0,0,7164788
sul,RS,2020-02-03,0,0,0,0,11377239
centro-oeste,MS,2020-02-03,0,0,0,0,2778986
centro-oeste,MT,2020-02-03,0,0,0,0,3484466
centro-oeste,GO,2020-02-03,0,0,0,0,7018354
centro-oeste,DF,2020-02-03,0,0,0,0,3015268
norte,RO,2020-02-02,0,0,0,0,1777225
norte,AC,2020-02-02,0,0,0,0,881935
norte,AM,2020-02-02,0,0,0,0,4144597
norte,RR,2020-02-02,0,0,0,0,605761
norte,PA,2020-02-02,0,0,0,0,8602865
norte,AP,2020-02-02,0,0,0,0,845731
norte,TO,2020-02-02,0,0,0,0,1572866
nordeste,MA,2020-02-02,0,0,0,0,7075181
nordeste,PI,2020-02-02,0,0,0,0,3273227
nordeste,CE,2020-02-02,0,0,0,0,9132078
nordeste,RN,2020-02-02,0,0,0,0,3506853
nordeste,PB,2020-02-02,0,0,0,0,4018127
nordeste,PE,2020-02-02,0,0,0,0,9557071
nordeste,AL,2020-02-02,0,0,0,0,3337357
nordeste,SE,2020-02-02,0,0,0,0,2298696
nordeste,BA,2020-02-02,0,0,0,0,14873064
sudeste,MG,2020-02-02,0,0,0,0,21168791
sudeste,ES,2020-02-02,0,0,0,0,4018650
sudeste,RJ,2020-02-02,0,0,0,0,17264943
sudeste,SP,2020-02-02,0,0,0,0,45919049
sul,PR,2020-02-02,0,0,0,0,11433957
sul,SC,2020-02-02,0,0,0,0,7164788
sul,RS,2020-02-02,0,0,0,0,11377239
centro-oeste,MS,2020-02-02,0,0,0,0,2778986
centro-oeste,MT,2020-02-02,0,0,0,0,3484466
centro-oeste,GO,2020-02-02,0,0,0,0,7018354
centro-oeste,DF,2020-02-02,0,0,0,0,3015268
norte,RO,2020-02-01,0,0,0,0,1777225
norte,AC,2020-02-01,0,0,0,0,881935
norte,AM,2020-02-01,0,0,0,0,4144597
norte,RR,2020-02-01,0,0,0,0,605761
norte,PA,2020-02-01,0,0,0,0,8602865
norte,AP,2020-02-01,0,0,0,0,845731
norte,TO,2020-02-01,0,0,0,0,1572866
nordeste,MA,2020-02-01,0,0,0,0,7075181
nordeste,PI,2020-02-01,0,0,0,0,3273227
nordeste,CE,2020-02-01,0,0,0,0,9132078
nordeste,RN,2020-02-01,0,0,0,0,3506853
nordeste,PB,2020-02-01,0,0,0,0,4018127
nordeste,PE,2020-02-01,0,0,0,0,9557071
nordeste,AL,2020-02-01,0,0,0,0,3337357
nordeste,SE,2020-02-01,0,0,0,0,2298696
nordeste,BA,2020-02-01,0,0,0,0,14873064
sudeste,MG,2020-02-01,0,0,0,0,21168791
sudeste,ES,2020-02-01,0,0,0,0,4018650
sudeste,RJ,2020-02-01,0,0,0,0,17264943
sudeste,SP,2020-02-01,0,0,0,0,45919049
sul,PR,2020-02-01,0,0,0,0,11433957
sul,SC,2020-02-01,0,0,0,0,7164788
sul,RS,2020-02-01,0,0,0,0,11377239
centro-oeste,MS,2020-02-01,0,0,0,0,2778986
centro-oeste,MT,2020-02-01,0,0,0,0,3484466
centro-oeste,GO,2020-02-01,0,0,0,0,7018354
centro-oeste,DF,2020-02-01,0,0,0,0,3015268
norte,RO,2020-01-31,0,0,0,0,1777225
norte,AC,2020-01-31,0,0,0,0,881935
norte,AM,2020-01-31,0,0,0,0,4144597
norte,RR,2020-01-31,0,0,0,0,605761
norte,PA,2020-01-31,0,0,0,0,8602865
norte,AP,2020-01-31,0,0,0,0,845731
norte,TO,2020-01-31,0,0,0,0,1572866
nordeste,MA,2020-01-31,0,0,0,0,7075181
nordeste,PI,2020-01-31,0,0,0,0,3273227
nordeste,CE,2020-01-31,0,0,0,0,9132078
nordeste,RN,2020-01-31,0,0,0,0,3506853
nordeste,PB,2020-01-31,0,0,0,0,4018127
nordeste,PE,2020-01-31,0,0,0,0,9557071
nordeste,AL,2020-01-31,0,0,0,0,3337357
nordeste,SE,2020-01-31,0,0,0,0,2298696
nordeste,BA,2020-01-31,0,0,0,0,14873064
sudeste,MG,2020-01-31,0,0,0,0,21168791
sudeste,ES,2020-01-31,0,0,0,0,4018650
sudeste,RJ,2020-01-31,0,0,0,0,17264943
sudeste,SP,2020-01-31,0,0,0,0,45919049
sul,PR,2020-01-31,0,0,0,0,11433957
sul,SC,2020-01-31,0,0,0,0,7164788
sul,RS,2020-01-31,0,0,0,0,11377239
centro-oeste,MS,2020-01-31,0,0,0,0,2778986
centro-oeste,MT,2020-01-31,0,0,0,0,3484466
centro-oeste,GO,2020-01-31,0,0,0,0,7018354
centro-oeste,DF,2020-01-31,0,0,0,0,3015268
norte,RO,2020-01-30,0,0,0,0,1777225
norte,AC,2020-01-30,0,0,0,0,881935
norte,AM,2020-01-30,0,0,0,0,4144597
norte,RR,2020-01-30,0,0,0,0,605761
norte,PA,2020-01-30,0,0,0,0,8602865
norte,AP,2020-01-30,0,0,0,0,845731
norte,TO,2020-01-30,0,0,0,0,1572866
nordeste,MA,2020-01-30,0,0,0,0,7075181
nordeste,PI,2020-01-30,0,0,0,0,3273227
nordeste,CE,2020-01-30,0,0,0,0,9132078
nordeste,RN,2020-01-30,0,0,0,0,3506853
nordeste,PB,2020-01-30,0,0,0,0,4018127
nordeste,PE,2020-01-30,0,0,0,0,9557071
nordeste,AL,2020-01-30,0,0,0,0,3337357
nordeste,SE,2020-01-30,0,0,0,0,2298696
nordeste,BA,2020-01-30,0,0,0,0,14873064
sudeste,MG,2020-01-30,0,0,0,0,21168791
sudeste,ES,2020-01-30,0,0,0,0,4018650
sudeste,RJ,2020-01-30,0,0,0,0,17264943
sudeste,SP,2020-01-30,0,0,0,0,45919049
sul,PR,2020-01-30,0,0,0,0,11433957
sul,SC,2020-01-30,0,0,0,0,7164788
sul,RS,2020-01-30,0,0,0,0,11377239
centro-oeste,MS,2020-01-30,0,0,0,0,2778986
centro-oeste,MT,2020-01-30,0,0,0,0,3484466
centro-oeste,GO,2020-01-30,0,0,0,0,7018354
centro-oeste,DF,2020-01-30,0,0,0,0,3015268
